ILAY,INODE,ICOL,IROW,X,Y,head_m,cond_m2_per_day
7,230596,1,218,551750,7118750,540.46,0.073720001
7,230621,1,219,551750,7117250,518.17749,0.073720001
7,230652,1,220,551750,7115750,491.02003,0.073720001
7,230688,1,221,551750,7114250,474.47269,0.073720001
7,230730,1,222,551750,7112750,471.60811,0.073720001
7,230772,1,223,551750,7111250,473.4035,0.073720001
7,230819,1,224,551750,7109750,467.85915,0.1419
7,230869,1,225,551750,7108250,447.76886,0.21008
7,230925,1,226,551750,7106750,418.10021,0.27826
7,230985,1,227,551750,7105250,392.58258,0.34644
7,231047,1,228,551750,7103750,379.49669,0.41462
7,231112,1,229,551750,7102250,376.6983,0.4828
7,231192,1,230,551750,7100750,376.70154,0.5689
7,231279,1,231,551750,7099250,372.21735,0.655
7,231373,1,232,551750,7097750,361.10261,0.7411
7,231481,1,233,551750,7096250,347.98883,0.8272
7,231603,1,234,551750,7094750,338.97439,0.9133
7,231741,1,235,551750,7093250,336.2193,0.9994
7,231886,1,236,551750,7091750,337.94903,0.954917
7,232041,1,237,551750,7090250,340.70056,0.910433
7,232204,1,238,551750,7088750,341.61061,0.86595
7,232370,1,239,551750,7087250,340.28587,0.821467
7,232536,1,240,551750,7085750,338.46332,0.776983
7,232703,1,241,551750,7084250,337.7469,0.7325
7,232871,1,242,551750,7082750,338.23052,0.687317
7,233040,1,243,551750,7081250,338.75677,0.642133
7,233208,1,244,551750,7079750,338.03407,0.59695
7,233378,1,245,551750,7078250,335.87187,0.551767
7,233548,1,246,551750,7076750,333.41788,0.506583
7,233719,1,247,551750,7075250,332.2787,0.4614
7,233891,1,248,551750,7073750,333.78927,0.464333
7,234063,1,249,551750,7072250,338.74623,0.467267
7,234236,1,250,551750,7070750,346.93026,0.4702
7,234409,1,251,551750,7069250,356.53753,0.473133
7,234583,1,252,551750,7067750,364.50283,0.476067
7,234757,1,253,551750,7066250,367.7026,0.479
7,234932,1,254,551750,7064750,364.11829,0.50175
7,235107,1,255,551750,7063250,353.9408,0.5245
7,235283,1,256,551750,7061750,340.33758,0.54725
7,235460,1,257,551750,7060250,328.16568,0.57
7,235638,1,258,551750,7058750,320.8641,0.59275
7,235816,1,259,551750,7057250,318.7835,0.6155
7,235995,1,260,551750,7055750,320.01612,0.66985
7,236175,1,261,551750,7054250,321.99074,0.7242
7,236356,1,262,551750,7052750,322.84597,0.77855
7,236537,1,263,551750,7051250,322.28243,0.8329
7,236718,1,264,551750,7049750,321.24865,0.88725
7,236900,1,265,551750,7048250,320.7764,0.9416
7,237081,1,266,551750,7046750,321.27347,0.975667
7,237264,1,267,551750,7045250,322.62458,1.00973
7,237447,1,268,551750,7043750,324.53398,1.0438
7,237631,1,269,551750,7042250,326.67005,1.07787
7,237816,1,270,551750,7040750,328.54893,1.11193
7,238002,1,271,551750,7039250,329.3902,1.146
7,238188,1,272,551750,7037750,328.24796,1.164
7,238375,1,273,551750,7036250,324.5765,1.182
7,238563,1,274,551750,7034750,318.98721,1.2
7,238752,1,275,551750,7033250,313.29658,1.218
7,238941,1,276,551750,7031750,309.3961,1.236
7,239130,1,277,551750,7030250,308.1179,1.254
7,239321,1,278,551750,7028750,309.07181,1.26533
7,239512,1,279,551750,7027250,311.2785,1.27667
7,239701,1,280,551750,7025750,313.71422,1.288
7,239890,1,281,551750,7024250,315.539,1.29933
7,240082,1,282,551750,7022750,316.39052,1.31067
7,240275,1,283,551750,7021250,316.5199,1.322
7,240471,1,284,551750,7019750,316.68074,1.3275
7,240668,1,285,551750,7018250,318.04034,1.333
7,240866,1,286,551750,7016750,321.62283,1.3385
7,241065,1,287,551750,7015250,327.13872,1.344
7,241265,1,288,551750,7013750,332.51786,1.3495
7,241466,1,289,551750,7012250,334.8645,1.355
7,241667,1,290,551750,7010750,332.10023,1.3575
7,241870,1,291,551750,7009250,324.5102,1.36
7,242074,1,292,551750,7007750,315.10513,1.3625
7,242280,1,293,551750,7006250,307.70242,1.365
7,242486,1,294,551750,7004750,304.15824,1.3675
7,242694,1,295,551750,7003250,303.496,1.37
7,242903,1,296,551750,7001750,303.32828,1.34533
7,243113,1,297,551750,7000250,301.99915,1.32067
7,243324,1,298,551750,6998750,299.84672,1.296
7,243536,1,299,551750,6997250,298.47884,1.27133
7,243749,1,300,551750,6995750,298.70202,1.24667
7,243963,1,301,551750,6994250,299.3085,1.222
7,244179,1,302,551750,6992750,297.84781,1.19567
7,244397,1,303,551750,6991250,292.72836,1.16933
7,244621,1,304,551750,6989750,284.99746,1.143
7,244845,1,305,551750,6988250,277.78881,1.11667
7,245070,1,306,551750,6986750,273.63971,1.09033
7,245295,1,307,551750,6985250,272.6203,1.064
7,245520,1,308,551750,6983750,272.82006,1.0477
7,245745,1,309,551750,6982250,272.17867,1.0314
7,245970,1,310,551750,6980750,270.15495,1.0151
7,246196,1,311,551750,6979250,267.90372,0.9988
7,246423,1,312,551750,6977750,266.74706,0.9825
7,246651,1,313,551750,6976250,266.6315,0.9662
7,246879,1,314,551750,6974750,266.12755,0.961233
7,247109,1,315,551750,6973250,263.83693,0.956267
7,247340,1,316,551750,6971750,259.88732,0.9513
7,247571,1,317,551750,6970250,255.95723,0.946333
7,247803,1,318,551750,6968750,253.66958,0.941367
7,248035,1,319,551750,6967250,253.1415,0.9364
7,248267,1,320,551750,6965750,253.1029,0.962167
7,248500,1,321,551750,6964250,252.2272,0.987933
7,248734,1,322,551750,6962750,250.40398,1.0137
7,248968,1,323,551750,6961250,248.71497,1.03947
7,249202,1,324,551750,6959750,248.10056,1.06523
7,249437,1,325,551750,6958250,248.1917,1.091
7,249672,1,326,551750,6956750,247.53198,1.0995
7,249908,1,327,551750,6955250,244.98059,1.108
7,250144,1,328,551750,6953750,241.04636,1.1165
7,250380,1,329,551750,6952250,237.6274,1.125
7,250615,1,330,551750,6950750,236.15074,1.1335
7,250851,1,331,551750,6949250,236.0932,1.142
7,251087,1,332,551750,6947750,235.25426,1.14083
7,251323,1,333,551750,6946250,231.54091,1.13967
7,251558,1,334,551750,6944750,224.98988,1.1385
7,251793,1,335,551750,6943250,218.02225,1.13733
7,252028,1,336,551750,6941750,213.36437,1.13617
7,252263,1,337,551750,6940250,211.9571,1.135
7,252497,1,338,551750,6938750,212.76373,1.128
7,252731,1,339,551750,6937250,213.92231,1.121
7,252965,1,340,551750,6935750,214.13442,1.114
7,253199,1,341,551750,6934250,213.44615,1.107
7,253433,1,342,551750,6932750,212.7658,1.1
7,253667,1,343,551750,6931250,212.6008,1.093
7,253900,1,344,551750,6929750,212.41196,1.08533
7,254133,1,345,551750,6928250,211.14099,1.07767
7,254365,1,346,551750,6926750,208.32089,1.07
7,254598,1,347,551750,6925250,204.72989,1.06233
7,254830,1,348,551750,6923750,201.86396,1.05467
7,255061,1,349,551750,6922250,200.8158,1.047
7,255293,1,350,551750,6920750,201.74906,1.0395
7,255524,1,351,551750,6919250,204.14752,1.032
7,255755,1,352,551750,6917750,207.16464,1.0245
7,255985,1,353,551750,6916250,209.86712,1.017
7,256215,1,354,551750,6914750,211.58863,1.0095
7,256445,1,355,551750,6913250,212.1293,1.002
7,256674,1,356,551750,6911750,211.7085,0.987467
7,256903,1,357,551750,6910250,210.98201,0.972933
7,257132,1,358,551750,6908750,210.87334,0.9584
7,257361,1,359,551750,6907250,211.88775,0.943867
7,257590,1,360,551750,6905750,213.50797,0.929333
7,257818,1,361,551750,6904250,214.3748,0.9148
7,258046,1,362,551750,6902750,213.16778,0.898517
7,258274,1,363,551750,6901250,209.72005,0.882233
7,258502,1,364,551750,6899750,205.47787,0.86595
7,258729,1,365,551750,6898250,202.46174,0.849667
7,258957,1,366,551750,6896750,201.5197,0.833383
7,259184,1,367,551750,6895250,201.6411,0.8171
7,259411,1,368,551750,6893750,200.84304,0.801983
7,259638,1,369,551750,6892250,197.86266,0.786867
7,259865,1,370,551750,6890750,193.40741,0.77175
7,260091,1,371,551750,6889250,189.60449,0.756633
7,260317,1,372,551750,6887750,187.93968,0.741517
7,260544,1,373,551750,6886250,187.8365,0.7264
7,260770,1,374,551750,6884750,187.02616,0.723583
7,260997,1,375,551750,6883250,183.27811,0.720767
7,261223,1,376,551750,6881750,176.41969,0.71795
7,261449,1,377,551750,6880250,168.77216,0.715133
7,261675,1,378,551750,6878750,163.24511,0.712317
7,261901,1,379,551750,6877250,161.3532,0.7095
7,262126,1,380,551750,6875750,163.02855,0.727317
7,262350,1,381,551750,6874250,167.31897,0.745133
7,262574,1,382,551750,6872750,172.90677,0.76295
7,262797,1,383,551750,6871250,178.41627,0.780767
7,263019,1,384,551750,6869750,182.59957,0.798583
7,263241,1,385,551750,6868250,184.2664,0.8164
7,263462,1,386,551750,6866750,182.24725,0.843967
7,263682,1,387,551750,6865250,176.04133,0.871533
7,263901,1,388,551750,6863750,166.92989,0.8991
7,264120,1,389,551750,6862250,157.90785,0.926667
7,264338,1,390,551750,6860750,151.8173,0.954233
7,264555,1,391,551750,6859250,149.8187,0.9818
7,264771,1,392,551750,6857750,151.47499,1.00367
7,264987,1,393,551750,6856250,155.3878,1.02553
7,265202,1,394,551750,6854750,159.69802,1.0474
7,265416,1,395,551750,6853250,162.81868,1.06927
7,265628,1,396,551750,6851750,164.23785,1.09113
7,265840,1,397,551750,6850250,164.5047,1.113
7,266052,1,398,551750,6848750,164.54482,1.09667
7,266263,1,399,551750,6847250,165.1644,1.08033
7,266473,1,400,551750,6845750,166.83503,1.064
7,266683,1,401,551750,6844250,169.44742,1.04767
7,266892,1,402,551750,6842750,172.13089,1.03133
7,267100,1,403,551750,6841250,173.4018,1.015
7,267308,1,404,551750,6839750,171.63788,0.928983
7,267515,1,405,551750,6838250,165.97288,0.842967
7,267722,1,406,551750,6836750,157.44256,0.75695
7,267928,1,407,551750,6835250,148.93336,0.670933
7,268134,1,408,551750,6833750,143.22215,0.584917
7,268339,1,409,551750,6832250,141.3675,0.4989
7,268543,1,410,551750,6830750,142.88628,0.418833
7,268747,1,411,551750,6829250,146.46658,0.338767
7,268949,1,412,551750,6827750,150.4068,0.2587
7,269151,1,413,551750,6826250,153.2586,0.178633
7,269352,1,414,551750,6824750,154.59741,0.098566674
7,269552,1,415,551750,6823250,154.9021,0.0185
7,269752,1,416,551750,6821750,154.71997,0.018093331
7,269951,1,417,551750,6820250,154.194,0.017686671
7,270149,1,418,551750,6818750,153.22558,0.017279999
7,270347,1,419,551750,6817250,151.92202,0.01687333
7,270544,1,420,551750,6815750,150.75704,0.01646667
7,270740,1,421,551750,6814250,150.2749,0.01606
7,270934,1,422,551750,6812750,150.84871,0.015766671
7,271128,1,423,551750,6811250,152.63987,0.01547333
7,271321,1,424,551750,6809750,155.43001,0.01518
7,271513,1,425,551750,6808250,158.43021,0.01488667
7,271704,1,426,551750,6806750,160.65149,0.01459333
7,271895,1,427,551750,6805250,161.4726,0.0143
7,272085,1,428,551750,6803750,160.52582,0.01408667
7,272275,1,429,551750,6802250,157.43195,0.01387333
7,272465,1,430,551750,6800750,152.40357,0.01366
7,272654,1,431,551750,6799250,147.20407,0.01344667
7,272843,1,432,551750,6797750,143.96706,0.01323333
7,273031,1,433,551750,6796250,145.41,0.01303
7,273032,2,433,553250,6796250,145.34,0.010533779
7,273033,3,433,554750,6796250,146.5,0.0047768763
7,273034,4,433,556250,6796250,147.67,0.0013081578
7,273035,5,433,557750,6796250,148.91,0.00036553177
7,273036,6,433,559250,6796250,148.91,0.00016318331
7,273037,7,433,560750,6796250,149.63,0.00012657001
7,273038,8,433,562250,6796250,149.31,0.00015791858
7,273039,9,433,563750,6796250,150.58,0.00027861427
7,273040,10,433,565250,6796250,152.36,0.00054836318
7,273041,11,433,566750,6796250,151.5,0.00090504101
7,273042,12,433,568250,6796250,152.66,0.0011138269
7,273043,13,433,569750,6796250,151.75,0.0011398994
7,273044,14,433,571250,6796250,149.67,0.0012013599
7,273045,15,433,572750,6796250,150.29,0.0015871485
7,273046,16,433,574250,6796250,149.51,0.0027843798
7,273047,17,433,575750,6796250,150.67,0.0055323756
7,273048,18,433,577250,6796250,152.3,0.0095192151
7,273049,19,433,578750,6796250,148.79,0.011655501
7,273050,20,433,580250,6796250,154.03,0.0095043526
7,273051,21,433,581750,6796250,152.93,0.0054825415
7,273052,22,433,583250,6796250,152.69,0.0027237967
7,273053,23,433,584750,6796250,152.85,0.0015137647
7,273054,24,433,586250,6796250,157.82,0.0010990524
7,273055,25,433,587750,6796250,150.99,0.0010146713
7,273056,26,433,589250,6796250,152.61,0.001048032
7,273057,27,433,590750,6796250,152.67,0.0010715561
7,273058,28,433,592250,6796250,157.87,0.0010287009
7,273059,29,433,593750,6796250,154.34,0.00095314603
7,273060,30,433,595250,6796250,153.56,0.00090168715
7,273061,31,433,596750,6796250,154.22,0.00088908034
7,273062,32,433,598250,6796250,155.25,0.00088765834
7,273063,33,433,599750,6796250,154.67,0.00085522745
7,273064,34,433,601250,6796250,154.48,0.00077650142
7,273065,35,433,602750,6796250,155.15,0.00068221437
7,273066,36,433,604250,6796250,154.69,0.00061374656
7,273067,37,433,605750,6796250,152.19,0.00059019547
7,273068,38,433,607250,6796250,154.12,0.00061228685
7,273069,39,433,608750,6796250,154.38,0.00067211704
7,273070,40,433,610250,6796250,155.17,0.00075207623
7,273071,41,433,611750,6796250,157.201,0.00082434855
7,273072,42,433,613250,6796250,163.461,0.00086528074
7,273073,43,433,614750,6796250,171.489,0.00087430479
7,273074,44,433,616250,6796250,169.309,0.0008781061
7,273075,45,433,617750,6796250,157.311,0.00092309297
7,273076,46,433,619250,6796250,158.06,0.0010648024
7,273077,47,433,620750,6796250,158.71,0.0013440294
7,273078,48,433,622250,6796250,158.1,0.0017109911
7,273079,49,433,623750,6796250,161.359,0.001915534
7,273080,50,433,625250,6796250,158.16,0.0016466165
7,273081,51,433,626750,6796250,157.37,0.0010225779
7,273082,52,433,628250,6796250,157.08,0.00050255708
7,273083,53,433,629750,6796250,157.4,0.00024807005
7,273084,54,433,631250,6796250,156.82,0.0001560214
7,273085,55,433,632750,6796250,156.56,0.00013553016
7,273086,56,433,634250,6796250,157.43,0.00014773522
7,273087,57,433,635750,6796250,157.87,0.00016749371
7,273088,58,433,637250,6796250,159.02,0.00016807109
7,273089,59,433,638750,6796250,160.111,0.00014507693
7,273090,60,433,640250,6796250,162.759,0.00012056463
7,273091,61,433,641750,6796250,162.37,0.00011120671
7,273092,62,433,643250,6796250,162.35,0.00012008877
7,273093,63,433,644750,6796250,163.059,0.00014046694
7,273094,64,433,646250,6796250,162.111,0.00015161726
7,273095,65,433,647750,6796250,160.552,0.00013553833
7,273096,66,433,649250,6796250,162.47,0.0001071595
7,273097,67,433,650750,6796250,162.05,9.3476403e-05
7,273098,68,433,652250,6796250,160.541,0.00011502694
7,273099,69,433,653750,6796250,162.44,0.00022457383
7,273100,70,433,655250,6796250,164.399,0.00061096707
7,273101,71,433,656750,6796250,161.282,0.0016355599
7,273102,72,433,658250,6796250,161.83,0.0030853458
7,273103,73,433,659750,6796250,160.56,0.0037227229
7,273104,74,433,661250,6796250,161.27,0.0033466155
7,273105,75,433,662750,6796250,160.72,0.0029478437
7,273106,76,433,664250,6796250,160.55,0.0032061101
7,273107,77,433,665750,6796250,161.09,0.0044737093
7,273108,78,433,667250,6796250,162.27,0.0066716073
7,273109,79,433,668750,6796250,162.042,0.0080607878
7,273110,80,433,670250,6796250,162.621,0.0063219203
7,273111,81,433,671750,6796250,168.66,0.0030157444
7,273112,82,433,673250,6796250,174.188,0.0010253021
7,273113,83,433,674750,6796250,170.22,0.00035035177
7,273114,84,433,676250,6796250,164.232,0.00016840058
7,273115,85,433,677750,6796250,161.36,0.00013222227
7,273116,86,433,679250,6796250,163.902,0.00016152556
7,273117,87,433,680750,6796250,169.857,0.00025872307
7,273118,88,433,682250,6796250,169.179,0.00043561179
7,273119,89,433,683750,6796250,170.61,0.00064203471
7,273120,90,433,685250,6796250,164.933,0.00077764803
7,273121,91,433,686750,6796250,160.221,0.00081344316
7,273122,92,433,688250,6796250,160.987,0.00079610078
7,273123,93,433,689750,6796250,160.69,0.00075926003
7,273124,94,433,691250,6796250,162.089,0.0006996564
7,273125,95,433,692750,6796250,163.766,0.00061532014
7,273126,96,433,694250,6796250,161.359,0.0005348806
7,273127,97,433,695750,6796250,161.558,0.00049986737
7,273128,98,433,697250,6796250,161.649,0.00054739206
7,273129,99,433,698750,6796250,163.498,0.00071944186
7,273130,100,433,700250,6796250,164.04,0.0010455795
7,273131,101,433,701750,6796250,164.059,0.0014438385
7,273132,102,433,703250,6796250,163.8,0.0017055312
7,273133,103,433,704750,6796250,164.019,0.0017612091
7,273134,104,433,706250,6796250,163.222,0.0017859974
7,273135,105,433,707750,6796250,164.289,0.0019907886
7,273136,106,433,709250,6796250,164.022,0.0024857722
7,273137,107,433,710750,6796250,165.47,0.0031767604
7,273138,108,433,712250,6796250,165.88,0.0037144989
7,273139,109,433,713750,6796250,166.029,0.003864829
7,273140,110,433,715250,6796250,165.679,0.0038543959
7,273141,111,433,716750,6796250,165.701,0.0041101646
7,273142,112,433,718250,6796250,166.939,0.0049236985
7,273143,113,433,719750,6796250,167.349,0.0062240736
7,273144,114,433,721250,6796250,167.17,0.0073750502
7,273145,115,433,722750,6796250,165.647,0.0077409879
7,273146,116,433,724250,6796250,168.5,0.0076966576
7,273147,117,433,725750,6796250,169.149,0.0084645873
7,273148,118,433,727250,6796250,169.789,0.011719422
7,273149,119,433,728750,6796250,167.445,0.019837671
7,273150,120,433,730250,6796250,171.526,0.033146029
7,273151,121,433,731750,6796250,170.781,0.04141799
7,273152,122,433,733250,6796250,171.172,0.031865119
7,273153,123,433,734750,6796250,172.02,0.014925589
7,273154,124,433,736250,6796250,172.798,0.0053237038
7,273155,125,433,737750,6796250,172.162,0.0021020518
7,273156,126,433,739250,6796250,173.17,0.0012187253
7,273157,127,433,740750,6796250,174.357,0.0010554519
7,273158,128,433,742250,6796250,174.5,0.0011148084
7,273159,129,433,743750,6796250,175.43,0.0011041875
7,273160,130,433,745250,6796250,174.83,0.00087530851
7,273161,131,433,746750,6796250,175.82,0.00058320234
7,273162,132,433,748250,6796250,176.87,0.00040119648
7,273163,133,433,749750,6796250,177.194,0.00034621035
7,273164,134,433,751250,6796250,179.196,0.00039882199
7,273165,135,433,752750,6796250,181.275,0.00056097185
7,273166,136,433,754250,6796250,181.408,0.00079952123
7,273167,137,433,755750,6796250,181.759,0.00098056297
7,273168,138,433,757250,6796250,181.37,0.0010122898
7,273169,139,433,758750,6796250,181.701,0.00098812033
7,273170,140,433,760250,6796250,182.054,0.001054196
7,273171,141,433,761750,6796250,183.041,0.0013095064
7,273172,142,433,763250,6796250,184.059,0.0017697314
7,273173,143,433,764750,6796250,185.499,0.0022490867
7,273174,144,433,766250,6796250,186.97,0.0024631894
7,273175,145,433,767750,6796250,187.831,0.0024581382
7,273176,146,433,769250,6796250,188.999,0.0026076404
7,273177,147,433,770750,6796250,189.372,0.0033709477
7,273178,148,433,772250,6796250,190.44,0.0053339993
7,273179,149,433,773750,6796250,195.21,0.0088300213
7,273180,150,433,775250,6796250,192.675,0.012531547
7,273181,151,433,776750,6796250,195.058,0.013984794
7,273182,152,433,778250,6796250,196.112,0.013025629
7,273183,153,433,779750,6796250,197.969,0.011571525
7,273184,154,433,781250,6796250,199.814,0.010934735
7,273185,155,433,782750,6796250,202.559,0.011144416
7,273186,156,433,784250,6796250,203.598,0.011506398
7,273187,157,433,785750,6796250,204.798,0.011557183
7,273188,158,433,787250,6796250,210.202,0.01191692
7,273189,159,433,788750,6796250,217.347,0.014360149
7,273190,160,433,790250,6796250,220.88,0.022259575
7,273191,161,433,791750,6796250,223.361,0.041305725
7,273192,162,433,793250,6796250,221.754,0.071903243
7,273193,163,433,794750,6796250,217.818,0.090174235
7,273194,164,433,796250,6796250,218.336,0.070344445
7,273195,165,433,797750,6796250,220.116,0.035319186
7,273196,166,433,799250,6796250,222.02,0.014554592
7,273197,167,433,800750,6796250,224.438,0.0070067965
7,273198,168,433,802250,6796250,226.41,0.0048588552
7,273199,169,433,803750,6796250,223.039,0.004520515
7,273200,170,433,805250,6796250,226.687,0.0044577764
7,273201,171,433,806750,6796250,229.039,0.0037627331
7,273202,172,433,808250,6796250,230.136,0.0025835982
7,273203,173,433,809750,6796250,232.55,0.0016760925
7,273204,174,433,811250,6796250,237.967,0.0012558526
7,273205,175,433,812750,6796250,239.228,0.0011569435
7,273206,176,433,814250,6796250,237.632,0.0012020142
7,273207,177,433,815750,6796250,236.184,0.0012355157
7,273208,178,433,817250,6796250,241.545,0.001167531
7,273209,179,433,818750,6796250,247.563,0.0010553736
7,273210,180,433,820250,6796250,256.474,0.00099733345
7,273211,181,433,821750,6796250,256.921,0.00099590956
7,273212,182,433,823250,6796250,252.354,0.00095056235
7,273213,183,433,824750,6796250,250.722,0.00074165644
7,273214,184,433,826250,6796250,256.933,0.00043409938
7,273215,185,433,827750,6796250,266.444,0.00022485021
7,273216,186,433,829250,6796250,258.251,0.00014222926
7,273217,187,433,830750,6796250,261.558,0.00012417008
7,273218,188,433,832250,6796250,258.861,0.00013567433
