INODE,X,Y,RCH_SS_m_per_day
230510,623750,7129250,2.886268e-05
230511,610250,7127750,1.7138062e-05
230512,611750,7127750,2.1683605e-05
230513,614750,7127750,2.1623475e-05
230514,617750,7127750,2.1737949e-05
230515,619250,7127750,2.1784404e-05
230516,622250,7127750,2.4592609e-05
230517,623750,7127750,2.9000996e-05
230518,605750,7126250,1.7549572e-05
230519,607250,7126250,1.6066284e-05
230520,608750,7126250,1.0643095e-05
230521,610250,7126250,1.244165e-05
230522,611750,7126250,1.4168663e-05
230523,613250,7126250,1.3946097e-05
230524,614750,7126250,1.3903831e-05
230525,616250,7126250,1.3985856e-05
230526,617750,7126250,1.4188911e-05
230527,619250,7126250,1.4370053e-05
230528,620750,7126250,1.4464841e-05
230529,622250,7126250,1.906543e-05
230531,605750,7124750,1.9207428e-05
230535,611750,7124750,9.0222984e-06
230536,613250,7124750,8.6191149e-06
230537,614750,7124750,8.4699486e-06
230538,616250,7124750,8.4893545e-06
230544,604250,7123250,1.9260895e-05
230545,605750,7123250,1.4310292e-05
230559,554750,7121750,1.5517897e-05
230560,604250,7121750,1.7734343e-05
230574,625250,7121750,1.8458175e-05
230575,553250,7120250,2.1054788e-05
230576,554750,7120250,2.0811814e-05
230577,556250,7120250,2.0756768e-05
230578,601250,7120250,1.9268433e-05
230579,602750,7120250,1.4913954e-05
230595,626750,7120250,1.0714181e-05
230596,551750,7118750,2.2357826e-05
230597,553250,7118750,2.1722873e-05
230598,554750,7118750,2.1517417e-05
230599,556250,7118750,2.1539154e-05
230600,557750,7118750,1.7920691e-05
230601,566750,7118750,2.1313361e-05
230602,568250,7118750,1.6822058e-05
230603,601250,7118750,1.6124081e-05
230604,602750,7118750,1.19857e-05
230620,626750,7118750,1.0370356e-05
230624,556250,7117250,2.1602966e-05
230626,562250,7117250,2.1954274e-05
230627,563750,7117250,2.3062375e-05
230628,565250,7117250,2.3071667e-05
230629,566750,7117250,2.2669868e-05
230630,568250,7117250,2.1343689e-05
230631,569750,7117250,2.0709262e-05
230632,574250,7117250,1.6913111e-05
230633,599750,7117250,1.564422e-05
230634,601250,7117250,8.8120378e-06
230658,563750,7115750,2.2355547e-05
230659,565250,7115750,2.2299801e-05
230660,566750,7115750,2.2105212e-05
230661,568250,7115750,2.1632415e-05
230663,571250,7115750,1.3853273e-05
230664,572750,7115750,1.3103635e-05
230665,574250,7115750,1.3053814e-05
230666,596750,7115750,1.4231458e-05
230667,598250,7115750,1.4512208e-05
230686,626750,7115750,1.1279836e-05
230687,628250,7115750,1.8614897e-05
230694,562250,7114250,2.0744674e-05
230695,563750,7114250,2.1691669e-05
230696,565250,7114250,2.1600861e-05
230697,566750,7114250,2.1607348e-05
230702,574250,7114250,9.2145192e-06
230703,575750,7114250,1.6487576e-05
230704,577250,7114250,1.8549334e-05
230705,595250,7114250,1.5106035e-05
230706,596750,7114250,1.6431775e-05
230727,628250,7114250,1.8309165e-05
230728,629750,7114250,2.0557974e-05
230729,631250,7114250,1.9854126e-05
230735,563750,7112750,2.1582104e-05
230736,565250,7112750,2.1616288e-05
230744,577250,7112750,1.1735558e-05
230745,578750,7112750,1.1378199e-05
230746,593750,7112750,1.4776637e-05
230747,595250,7112750,1.3112032e-05
230748,596750,7112750,1.1068033e-05
230770,629750,7112750,1.4803196e-05
230771,631250,7112750,1.4886396e-05
230779,562250,7111250,2.0668416e-05
230780,563750,7111250,2.1180831e-05
230781,565250,7111250,2.1324931e-05
230791,580250,7111250,1.2872216e-05
230792,592250,7111250,1.299726e-05
230793,593750,7111250,1.7528411e-05
230794,595250,7111250,1.090528e-05
230795,596750,7111250,6.6255857e-06
230796,598250,7111250,6.9025496e-06
230818,631250,7111250,7.5031958e-06
230826,562250,7109750,2.0436839e-05
230827,563750,7109750,2.0102532e-05
230839,581750,7109750,1.150938e-05
230840,583250,7109750,1.4227759e-05
230843,595250,7109750,8.1572571e-06
230844,596750,7109750,6.5702247e-06
230868,632750,7109750,8.0101945e-06
230891,584750,7108250,1.5753943e-05
230892,586250,7108250,1.5707277e-05
230893,587750,7108250,1.4993349e-05
230894,589250,7108250,1.4652539e-05
230895,590750,7108250,1.4992683e-05
230924,634250,7108250,7.7317054e-06
230949,587750,7106750,9.0040485e-06
230950,589250,7106750,8.8294801e-06
230980,634250,7106750,9.0133572e-06
230981,635750,7106750,1.444738e-05
230982,764750,7106750,1.5180119e-05
230983,766250,7106750,8.2234346e-06
230984,767750,7106750,1.6279315e-05
231040,634250,7105250,9.6761842e-06
231041,635750,7105250,1.6498812e-05
231042,637250,7105250,1.8071629e-05
231043,656750,7105250,1.7925599e-05
231044,766250,7105250,1.3784781e-05
231045,767750,7105250,1.949037e-05
231046,769250,7105250,2.0545527e-05
231102,634250,7103750,8.2658062e-06
231103,635750,7103750,1.0837367e-05
231104,637250,7103750,1.452937e-05
231105,638750,7103750,1.8175233e-05
231106,653750,7103750,1.6145468e-05
231107,655250,7103750,1.8403654e-05
231108,656750,7103750,1.869396e-05
231109,658250,7103750,1.5902848e-05
231110,659750,7103750,1.2816837e-05
231111,766250,7103750,2.1388742e-05
231169,637250,7102250,1.1278083e-05
231170,638750,7102250,1.6381762e-05
231171,640250,7102250,1.7910523e-05
231172,641750,7102250,1.6770762e-05
231173,649250,7102250,1.6608115e-05
231174,652250,7102250,1.464423e-05
231175,653750,7102250,1.9346793e-05
231176,655250,7102250,1.9366604e-05
231177,656750,7102250,1.9358538e-05
231178,658250,7102250,1.9311909e-05
231179,659750,7102250,1.5699074e-05
231180,685250,7102250,1.3002116e-05
231181,745250,7102250,1.4764489e-05
231182,746750,7102250,1.4670806e-05
231183,749750,7102250,1.6546057e-05
231184,751250,7102250,1.8222916e-05
231185,752750,7102250,1.2734584e-05
231186,764750,7102250,2.1814732e-05
231187,766250,7102250,2.1832964e-05
231188,767750,7102250,2.2399723e-05
231189,769250,7102250,2.1200291e-05
231190,770750,7102250,1.7459393e-05
231191,772250,7102250,1.6430671e-05
231249,637250,7100750,8.3099649e-06
231250,638750,7100750,1.0065203e-05
231251,640250,7100750,1.564259e-05
231252,641750,7100750,1.793752e-05
231253,643250,7100750,1.5737132e-05
231254,646250,7100750,1.5403473e-05
231255,649250,7100750,1.7818138e-05
231256,650750,7100750,1.6187454e-05
231257,652250,7100750,1.7331826e-05
231258,653750,7100750,1.925809e-05
231259,655250,7100750,1.9370111e-05
231260,656750,7100750,1.9447069e-05
231261,658250,7100750,1.9477397e-05
231262,659750,7100750,1.8024823e-05
231263,661250,7100750,1.6145803e-05
231264,662750,7100750,1.5248926e-05
231265,685250,7100750,1.4590902e-05
231266,686750,7100750,1.4562293e-05
231267,742250,7100750,1.6505648e-05
231268,743750,7100750,1.8579134e-05
231269,745250,7100750,1.8327222e-05
231270,746750,7100750,1.832091e-05
231271,748250,7100750,1.8617176e-05
231272,749750,7100750,1.8819828e-05
231273,766250,7100750,2.1141037e-05
231274,767750,7100750,2.2231256e-05
231275,769250,7100750,2.2704227e-05
231276,770750,7100750,2.2498771e-05
231277,772250,7100750,2.253576e-05
231278,773750,7100750,2.196795e-05
231338,640250,7099250,1.2405222e-05
231339,641750,7099250,1.5257919e-05
231340,643250,7099250,1.467759e-05
231341,644750,7099250,1.4639479e-05
231342,646250,7099250,1.4800689e-05
231343,647750,7099250,1.5243912e-05
231344,649250,7099250,1.6282855e-05
231345,650750,7099250,1.802903e-05
231346,652250,7099250,1.7428418e-05
231347,653750,7099250,1.63602e-05
231348,655250,7099250,1.6560591e-05
231349,656750,7099250,1.7434273e-05
231350,658250,7099250,1.9099965e-05
231351,659750,7099250,1.9424278e-05
231352,661250,7099250,1.9280178e-05
231353,662750,7099250,1.8387527e-05
231354,685250,7099250,1.6262975e-05
231355,686750,7099250,1.9077701e-05
231356,689750,7099250,1.4557349e-05
231357,731750,7099250,1.482106e-05
231358,733250,7099250,1.473488e-05
231359,742250,7099250,1.4415755e-05
231360,743750,7099250,1.8598243e-05
231361,745250,7099250,1.8315477e-05
231362,746750,7099250,1.8395591e-05
231363,748250,7099250,1.8893106e-05
231364,749750,7099250,1.8974448e-05
231365,751250,7099250,1.872008e-05
231366,752750,7099250,1.6797794e-05
231367,754250,7099250,1.5654581e-05
231368,755750,7099250,1.5518473e-05
231369,757250,7099250,1.5716183e-05
231370,764750,7099250,1.3339543e-05
231371,766250,7099250,1.4155586e-05
231372,767750,7099250,1.9882526e-05
231433,641750,7097750,8.7681938e-06
231434,643250,7097750,8.4794674e-06
231435,644750,7097750,8.5085503e-06
231437,647750,7097750,8.7899316e-06
231438,649250,7097750,1.1375324e-05
231439,650750,7097750,1.6916301e-05
231440,652250,7097750,1.4035818e-05
231441,653750,7097750,9.4769157e-06
231442,655250,7097750,9.5582745e-06
231443,656750,7097750,1.2197065e-05
231444,658250,7097750,1.7892817e-05
231445,659750,7097750,1.9113813e-05
231446,661250,7097750,1.904527e-05
231447,662750,7097750,1.8424516e-05
231448,664250,7097750,1.8035515e-05
231449,667250,7097750,1.362287e-05
231450,680750,7097750,1.4988002e-05
231451,685250,7097750,1.740072e-05
231452,686750,7097750,1.863646e-05
231453,688250,7097750,1.8767238e-05
231454,689750,7097750,1.3539548e-05
231455,691250,7097750,7.8698104e-06
231456,692750,7097750,7.9770271e-06
231457,694250,7097750,8.1194266e-06
231458,731750,7097750,1.56225e-05
231459,733250,7097750,1.3358563e-05
231460,734750,7097750,1.4529668e-05
231461,743750,7097750,1.8374731e-05
231462,745250,7097750,1.6279067e-05
231463,746750,7097750,1.5552219e-05
231464,748250,7097750,1.6193888e-05
231465,749750,7097750,1.7783603e-05
231466,751250,7097750,1.893325e-05
231467,752750,7097750,1.7196227e-05
231468,754250,7097750,1.7174998e-05
231469,755750,7097750,1.8744096e-05
231470,757250,7097750,1.820451e-05
231473,767750,7097750,1.7431452e-05
231474,769250,7097750,2.2268772e-05
231475,770750,7097750,2.262727e-05
231476,772250,7097750,2.3152306e-05
231477,773750,7097750,2.3578998e-05
231478,775250,7097750,2.319771e-05
231479,776750,7097750,2.3171415e-05
231480,778250,7097750,2.3180181e-05
231545,647750,7096250,6.292174e-06
231546,649250,7096250,8.4379026e-06
231547,650750,7096250,1.3248349e-05
231548,652250,7096250,1.0583456e-05
231551,656750,7096250,8.8914685e-06
231553,659750,7096250,1.5493528e-05
231554,661250,7096250,1.554335e-05
231555,662750,7096250,1.5209237e-05
231556,664250,7096250,1.5883143e-05
231557,667250,7096250,1.465005e-05
231558,674750,7096250,1.7392007e-05
231559,676250,7096250,1.7532917e-05
231560,680750,7096250,1.7808496e-05
231561,685250,7096250,1.8223091e-05
231562,686750,7096250,1.7862314e-05
231563,688250,7096250,1.7088081e-05
231564,689750,7096250,1.1893297e-05
231565,691250,7096250,6.5282566e-06
231566,692750,7096250,6.6963562e-06
231567,694250,7096250,6.7863225e-06
231568,697250,7096250,1.3455542e-05
231569,698750,7096250,1.9647267e-05
231570,727250,7096250,1.6522321e-05
231571,730250,7096250,1.70925e-05
231572,731750,7096250,1.4259015e-05
231573,733250,7096250,8.3395043e-06
231574,739250,7096250,1.5968411e-05
231575,740750,7096250,1.5829657e-05
231576,742250,7096250,1.7257882e-05
231577,743750,7096250,1.7795699e-05
231578,745250,7096250,1.189349e-05
231579,746750,7096250,9.2048076e-06
231580,748250,7096250,9.6357062e-06
231581,749750,7096250,1.4839028e-05
231582,751250,7096250,1.8839288e-05
231583,752750,7096250,1.2858822e-05
231584,754250,7096250,1.2941636e-05
231585,755750,7096250,1.8823159e-05
231586,757250,7096250,1.5205818e-05
231589,761750,7096250,1.0034893e-05
231595,770750,7096250,2.2429e-05
231596,772250,7096250,2.3477847e-05
231597,773750,7096250,2.2937909e-05
231598,775250,7096250,1.752643e-05
231599,776750,7096250,1.7748542e-05
231600,778250,7096250,2.3224356e-05
231601,787250,7096250,2.3756756e-05
231602,788750,7096250,2.3304121e-05
231670,652250,7094750,7.2057037e-06
231671,653750,7094750,6.3978478e-06
231676,661250,7094750,8.8549523e-06
231677,662750,7094750,8.6583477e-06
231679,665750,7094750,1.6908885e-05
231680,667250,7094750,1.6773181e-05
231681,668750,7094750,1.5473455e-05
231682,673250,7094750,1.7266366e-05
231683,674750,7094750,1.7587086e-05
231684,676250,7094750,1.76665e-05
231685,677750,7094750,1.775941e-05
231686,679250,7094750,1.7819892e-05
231687,680750,7094750,1.7852148e-05
231688,683750,7094750,1.8197497e-05
231689,685250,7094750,1.8461857e-05
231690,686750,7094750,1.6131497e-05
231691,688250,7094750,1.122465e-05
231692,689750,7094750,8.4956482e-06
231693,691250,7094750,6.5222962e-06
231694,692750,7094750,6.6782472e-06
231695,694250,7094750,6.7536107e-06
231696,695750,7094750,6.7474225e-06
231697,697250,7094750,9.7352095e-06
231698,698750,7094750,1.2694579e-05
231699,725750,7094750,1.1859603e-05
231700,727250,7094750,1.480118e-05
231701,728750,7094750,1.7107172e-05
231702,730250,7094750,1.3983033e-05
231703,731750,7094750,1.0552883e-05
231704,733250,7094750,6.644852e-06
231705,734750,7094750,1.1546159e-05
231706,737750,7094750,1.4093493e-05
231707,739250,7094750,1.3064946e-05
231708,740750,7094750,1.3152493e-05
231709,742250,7094750,1.6155444e-05
231710,743750,7094750,1.7561842e-05
231711,745250,7094750,1.0156502e-05
231712,746750,7094750,6.7103633e-06
231713,748250,7094750,6.9395915e-06
231714,749750,7094750,1.1620663e-05
231715,751250,7094750,1.5156785e-05
231716,752750,7094750,9.613811e-06
231717,754250,7094750,9.8971732e-06
231718,755750,7094750,1.5801312e-05
231719,757250,7094750,1.179439e-05
231728,770750,7094750,2.0767464e-05
231729,772250,7094750,2.1762142e-05
231730,773750,7094750,2.0652989e-05
231731,775250,7094750,1.3738326e-05
231732,776750,7094750,1.4246534e-05
231733,778250,7094750,2.2142201e-05
231734,779750,7094750,2.4614523e-05
231735,781250,7094750,2.4359279e-05
231736,782750,7094750,1.7217808e-05
231737,787250,7094750,2.4421337e-05
231738,788750,7094750,2.290092e-05
231739,790250,7094750,1.3325203e-05
231740,793250,7094750,2.2575379e-05
231808,652250,7093250,7.6401611e-06
231809,653750,7093250,7.4282707e-06
231815,662750,7093250,6.335737e-06
231817,665750,7093250,1.3223982e-05
231818,667250,7093250,1.5697811e-05
231819,668750,7093250,1.7294678e-05
231820,670250,7093250,1.7239265e-05
231821,671750,7093250,1.7256199e-05
231822,673250,7093250,1.735393e-05
231823,674750,7093250,1.7376757e-05
231824,676250,7093250,1.7097074e-05
231825,677750,7093250,1.5439691e-05
231826,679250,7093250,1.4684655e-05
231827,680750,7093250,1.475092e-05
231828,682250,7093250,1.6361373e-05
231829,683750,7093250,1.7639151e-05
231830,685250,7093250,1.6326592e-05
231831,686750,7093250,1.2958202e-05
231832,688250,7093250,7.4234149e-06
231833,689750,7093250,6.5066415e-06
231840,700250,7093250,1.0240893e-05
231841,725750,7093250,6.125284e-06
231843,728750,7093250,1.635501e-05
231844,730250,7093250,9.6029244e-06
231845,731750,7093250,6.3702896e-06
231846,733250,7093250,6.0552497e-06
231847,734750,7093250,1.1707965e-05
231848,736250,7093250,1.5734906e-05
231849,737750,7093250,9.6417016e-06
231850,739250,7093250,6.918327e-06
231851,740750,7093250,7.0383053e-06
231852,742250,7093250,1.338407e-05
231853,743750,7093250,1.7567278e-05
231858,751250,7093250,8.7677381e-06
231860,754250,7093250,7.7408213e-06
231861,755750,7093250,9.3076942e-06
231872,772250,7093250,1.4410356e-05
231873,773750,7093250,1.4162826e-05
231874,775250,7093250,1.7375582e-05
231875,776750,7093250,1.7188127e-05
231876,778250,7093250,1.4762262e-05
231877,779750,7093250,2.0374957e-05
231878,781250,7093250,2.4878531e-05
231879,782750,7093250,2.1830861e-05
231880,787250,7093250,1.9946687e-05
231881,788750,7093250,1.6117401e-05
231882,790250,7093250,1.707744e-05
231883,791750,7093250,1.6779686e-05
231884,793250,7093250,1.6082638e-05
231885,794750,7093250,1.3138083e-05
231963,667250,7091750,1.2616516e-05
231964,668750,7091750,1.7303022e-05
231965,670250,7091750,1.728877e-05
231966,671750,7091750,1.7155013e-05
231967,673250,7091750,1.6914128e-05
231968,674750,7091750,1.6824966e-05
231969,676250,7091750,1.5827343e-05
231972,680750,7091750,8.3542827e-06
231973,682250,7091750,1.2926507e-05
231974,683750,7091750,1.6250126e-05
231975,685250,7091750,1.1152688e-05
231976,686750,7091750,8.0909394e-06
231986,701750,7091750,1.2659536e-05
231987,707750,7091750,1.9177451e-05
231988,709250,7091750,1.5847503e-05
231989,710750,7091750,1.0055929e-05
231990,712250,7091750,1.571599e-05
231991,713750,7091750,1.994283e-05
231992,725750,7091750,6.7024394e-06
231994,728750,7091750,1.1019e-05
231997,733250,7091750,6.2181953e-06
231998,734750,7091750,9.1603333e-06
232000,737750,7091750,7.6624956e-06
232001,739250,7091750,6.0807565e-06
232003,742250,7091750,1.0150103e-05
232004,743750,7091750,1.2885784e-05
232005,745250,7091750,8.6331393e-06
232006,746750,7091750,7.2522648e-06
232009,751250,7091750,6.9753187e-06
232025,775250,7091750,1.7918237e-05
232026,776750,7091750,1.6886832e-05
232030,782750,7091750,2.4878707e-05
232031,784250,7091750,2.4619781e-05
232032,785750,7091750,2.3223656e-05
232033,787250,7091750,1.5397321e-05
232034,788750,7091750,1.076579e-05
232035,790250,7091750,1.9653928e-05
232119,668750,7090250,1.2839925e-05
232120,670250,7090250,1.3590018e-05
232121,671750,7090250,1.3828783e-05
232122,673250,7090250,1.3616419e-05
232123,674750,7090250,1.3043506e-05
232124,676250,7090250,1.1796091e-05
232142,703250,7090250,1.9031069e-05
232143,704750,7090250,2.0072381e-05
232144,706250,7090250,2.027661e-05
232145,707750,7090250,1.996106e-05
232146,709250,7090250,1.5920412e-05
232147,710750,7090250,8.7510844e-06
232148,712250,7090250,1.3944799e-05
232149,713750,7090250,1.7757833e-05
232150,715250,7090250,1.0768455e-05
232151,716750,7090250,8.4027188e-06
232152,719750,7090250,1.4497745e-05
232153,721250,7090250,1.8269899e-05
232165,742250,7090250,6.6570356e-06
232192,782750,7090250,2.3401941e-05
232193,784250,7090250,2.213922e-05
232194,785750,7090250,1.5158784e-05
232195,787250,7090250,1.1558939e-05
232196,788750,7090250,9.8422151e-06
232197,790250,7090250,1.3488902e-05
232198,791750,7090250,1.2913237e-05
232283,670250,7088750,8.5698548e-06
232284,671750,7088750,9.271932e-06
232285,673250,7088750,9.1544598e-06
232307,706250,7088750,1.1962595e-05
232308,707750,7088750,1.1879062e-05
232309,709250,7088750,1.0590959e-05
232310,710750,7088750,8.271556e-06
232316,719750,7088750,9.8460023e-06
232318,722750,7088750,1.0734902e-05
232358,782750,7088750,1.9688287e-05
232474,707750,7087250,7.9127603e-06
232475,709250,7087250,7.8672856e-06
233039,803750,7082750,9.3770796e-06
233377,805250,7079750,1.5363679e-05
233718,806750,7076750,2.1622249e-05
233890,808250,7075250,2.2677934e-05
234061,806750,7073750,2.1806318e-05
234062,808250,7073750,2.3981147e-05
234234,808250,7072250,2.4123845e-05
234235,809750,7072250,1.6928747e-05
234408,809750,7070750,1.885892e-05
234581,809750,7069250,2.0767287e-05
234582,811250,7069250,2.0551486e-05
234756,811250,7067750,1.7257724e-05
234930,811250,7066250,1.4952713e-05
234931,812750,7066250,2.4097373e-05
235105,811250,7064750,1.5102143e-05
235106,812750,7064750,2.4222016e-05
235281,812750,7063250,2.1419946e-05
235282,814250,7063250,2.3106551e-05
235457,812750,7061750,1.2818958e-05
235458,814250,7061750,1.9328561e-05
235459,815750,7061750,2.0419307e-05
235635,814250,7060250,1.6054941e-05
235636,815750,7060250,1.8536535e-05
235637,817250,7060250,1.461122e-05
235814,815750,7058750,1.5573818e-05
235815,817250,7058750,1.8567391e-05
236355,821750,7054250,1.5793265e-05
236536,821750,7052750,1.8253244e-05
236716,820250,7051250,1.1441625e-05
236717,821750,7051250,1.9095933e-05
236898,821750,7049750,1.9484058e-05
236899,823250,7049750,1.8905903e-05
237080,821750,7048250,1.9884103e-05
237261,821750,7046750,1.9765072e-05
237262,823250,7046750,2.3121103e-05
237263,824750,7046750,2.3198061e-05
237444,821750,7045250,1.3419622e-05
237445,823250,7045250,1.7869503e-05
237446,824750,7045250,2.2529975e-05
237629,824750,7043750,2.0556747e-05
237630,826250,7043750,1.4998556e-05
237814,826250,7042250,1.2046653e-05
240667,845750,7019750,1.1628061e-05
240865,847250,7018250,1.1822036e-05
241064,848750,7016750,1.1501474e-05
241264,850250,7015250,1.1693134e-05
241464,850250,7013750,1.4920685e-05
241465,851750,7013750,1.603692e-05
241666,851750,7012250,1.8969715e-05
241867,851750,7010750,1.97961e-05
241868,853250,7010750,1.8082848e-05
241869,854750,7010750,1.4190471e-05
242071,853250,7009250,1.76374e-05
242900,860750,7003250,1.6772288e-05
243110,862250,7001750,1.0342412e-05
243323,866750,7000250,1.3591122e-05
243534,866750,6998750,1.6366703e-05
243535,868250,6998750,2.1878719e-05
243747,868250,6997250,1.6980988e-05
243748,869750,6997250,1.7737148e-05
243961,869750,6995750,1.938992e-05
243962,871250,6995750,2.1589993e-05
244176,871250,6994250,1.8041124e-05
244177,872750,6994250,1.8704302e-05
244393,872750,6992750,2.4007091e-05
244395,880250,6992750,2.3012062e-05
244396,884750,6992750,2.066824e-05
244611,872750,6991250,1.6206597e-05
244612,874250,6991250,1.8074083e-05
244616,880250,6991250,2.4415376e-05
244617,881750,6991250,1.8469569e-05
244618,883250,6991250,1.4689248e-05
244619,884750,6991250,2.2251766e-05
244620,886250,6991250,2.1059344e-05
244836,874250,6989750,1.6993943e-05
244839,878750,6989750,1.7536599e-05
244840,880250,6989750,2.496478e-05
244841,881750,6989750,1.8308991e-05
244842,883250,6989750,1.4866043e-05
244843,884750,6989750,2.2760501e-05
244844,886250,6989750,2.1113339e-05
245061,875750,6988250,1.8104585e-05
245062,877250,6988250,1.9289821e-05
245063,878750,6988250,2.1637676e-05
245064,880250,6988250,2.5112564e-05
245065,881750,6988250,2.1742859e-05
245066,883250,6988250,2.014478e-05
245067,884750,6988250,2.3921893e-05
245286,875750,6986750,1.4618162e-05
245287,877250,6986750,2.2080319e-05
245288,878750,6986750,2.483085e-05
245289,880250,6986750,2.5027541e-05
245290,881750,6986750,2.4613297e-05
245291,883250,6986750,2.4584195e-05
245292,884750,6986750,2.4773524e-05
245293,886250,6986750,1.9793821e-05
245510,874250,6985250,9.3063263e-06
245511,875750,6985250,1.3039246e-05
245512,877250,6985250,2.1983726e-05
245513,878750,6985250,2.4873798e-05
245514,880250,6985250,2.4796314e-05
245515,881750,6985250,2.0498195e-05
245516,883250,6985250,1.9497556e-05
245517,884750,6985250,2.3689616e-05
245738,878750,6983750,2.2291912e-05
245739,880250,6983750,2.177301e-05
245740,881750,6983750,1.630284e-05
245741,883250,6983750,1.5351707e-05
245742,884750,6983750,2.1815609e-05
245962,877250,6982250,1.4321792e-05
246647,887750,6977750,1.123303e-05
249201,901250,6961250,1.2151661e-05
249433,898250,6959750,1.6228336e-05
249434,899750,6959750,1.876601e-05
249435,901250,6959750,1.8877679e-05
249436,902750,6959750,1.6034728e-05
249668,898250,6958250,1.9375895e-05
249669,899750,6958250,2.3841429e-05
249670,901250,6958250,2.4252344e-05
249671,902750,6958250,1.9644813e-05
249904,899750,6956750,2.4344728e-05
249905,901250,6956750,2.4164165e-05
249906,902750,6956750,2.1933414e-05
249907,904250,6956750,1.8688876e-05
250139,898250,6955250,2.0459627e-05
250140,899750,6955250,2.4643623e-05
250141,901250,6955250,2.4205538e-05
250142,902750,6955250,2.285464e-05
250143,904250,6955250,2.0921905e-05
250374,896750,6953750,1.3313966e-05
250375,898250,6953750,2.0743972e-05
250376,899750,6953750,2.4677984e-05
250377,901250,6953750,2.4561055e-05
250378,902750,6953750,2.0238918e-05
250608,893750,6952250,1.9594499e-05
250609,895250,6952250,1.8236415e-05
250610,896750,6952250,1.7061453e-05
250611,898250,6952250,2.2068049e-05
250612,899750,6952250,2.4650812e-05
250613,901250,6952250,2.4609088e-05
250614,902750,6952250,2.0042227e-05
250844,895250,6950750,1.8342123e-05
250845,896750,6950750,2.2786971e-05
250846,898250,6950750,2.4010073e-05
250847,899750,6950750,2.454668e-05
250848,901250,6950750,2.4324218e-05
250849,902750,6950750,2.3012239e-05
250850,904250,6950750,2.0437716e-05
251082,898250,6949250,2.5096786e-05
251083,899750,6949250,2.5275422e-05
251084,901250,6949250,2.4991954e-05
251085,902750,6949250,2.4880461e-05
251086,904250,6949250,2.2935807e-05
251315,893750,6947750,2.3445242e-05
251316,895250,6947750,2.4054423e-05
251317,896750,6947750,2.4462885e-05
251318,898250,6947750,2.5942105e-05
251319,899750,6947750,2.6400878e-05
251320,901250,6947750,2.6183674e-05
251321,902750,6947750,2.5941228e-05
251322,904250,6947750,2.3585661e-05
251550,892250,6946250,1.6438631e-05
251551,893750,6946250,2.3970102e-05
251552,895250,6946250,2.4490759e-05
251553,896750,6946250,2.4822784e-05
251554,898250,6946250,2.6139147e-05
251555,899750,6946250,2.6612995e-05
251556,901250,6946250,2.657215e-05
251557,902750,6946250,2.6341098e-05
251785,892250,6944750,1.6941633e-05
251786,893750,6944750,2.3590919e-05
251787,895250,6944750,2.4224119e-05
251788,896750,6944750,2.4869765e-05
251789,898250,6944750,2.6125297e-05
251790,899750,6944750,2.6647882e-05
251791,901250,6944750,2.6761829e-05
251792,902750,6944750,2.6540594e-05
252020,892250,6943250,1.862524e-05
252021,893750,6943250,1.7507253e-05
252022,895250,6943250,1.7724175e-05
252023,896750,6943250,1.8229051e-05
252024,898250,6943250,1.9263523e-05
252025,899750,6943250,2.2592209e-05
252026,901250,6943250,2.6526044e-05
252027,902750,6943250,2.6452943e-05
252261,901250,6941750,2.6301479e-05
252262,902750,6941750,2.6356e-05
252495,899750,6940250,1.9524026e-05
252496,901250,6940250,2.6320762e-05
252726,895250,6938750,1.4348421e-05
252727,896750,6938750,1.5252274e-05
252728,898250,6938750,1.5682435e-05
252729,899750,6938750,2.0698217e-05
252730,901250,6938750,2.6244681e-05
252960,895250,6937250,1.8541796e-05
252961,896750,6937250,2.1550373e-05
252962,898250,6937250,2.2227576e-05
252963,899750,6937250,2.4001483e-05
252964,901250,6937250,2.587549e-05
253194,895250,6935750,2.0723461e-05
253195,896750,6935750,2.469937e-05
253196,898250,6935750,2.5641457e-05
253197,899750,6935750,2.5729285e-05
253198,901250,6935750,2.5694924e-05
253428,895250,6934250,2.0921379e-05
253429,896750,6934250,2.4587876e-05
253430,898250,6934250,2.5360794e-05
253431,899750,6934250,2.5651976e-05
253432,901250,6934250,2.5788888e-05
253660,892250,6932750,1.6792834e-05
253661,893750,6932750,1.7761866e-05
253662,895250,6932750,2.2155175e-05
253663,896750,6932750,2.4406612e-05
253664,898250,6932750,2.4931998e-05
253665,899750,6932750,2.5279804e-05
253666,901250,6932750,2.5500687e-05
253893,890750,6931250,2.2062088e-05
253894,892250,6931250,2.2754541e-05
253895,893750,6931250,2.294948e-05
253896,895250,6931250,2.3689967e-05
253897,896750,6931250,2.4174507e-05
253898,898250,6931250,2.439697e-05
253899,899750,6931250,2.467886e-05
254126,890750,6929750,2.282817e-05
254127,892250,6929750,2.0491883e-05
254128,893750,6929750,1.943357e-05
254129,895250,6929750,2.2718954e-05
254130,896750,6929750,2.4017259e-05
254131,898250,6929750,2.4257428e-05
254132,899750,6929750,2.4527748e-05
254359,890750,6928250,2.2727017e-05
254360,892250,6928250,1.700674e-05
254361,893750,6928250,1.4720575e-05
254362,895250,6928250,2.1449398e-05
254363,896750,6928250,2.3890339e-05
254364,898250,6928250,2.4253221e-05
254592,892250,6926750,1.4301387e-05
254593,893750,6926750,1.4986582e-05
254594,895250,6926750,2.182227e-05
254595,896750,6926750,2.4193616e-05
254596,898250,6926750,2.4633631e-05
254597,899750,6926750,2.4716024e-05
254828,896750,6925250,2.4487075e-05
254829,898250,6925250,2.5015795e-05
255056,890750,6923750,9.5006344e-06
255057,892250,6923750,1.1364228e-05
255058,893750,6923750,1.5261689e-05
255059,895250,6923750,2.2139748e-05
255060,896750,6923750,2.4349287e-05
255288,892250,6922250,1.2308944e-05
255289,893750,6922250,1.6742188e-05
255290,895250,6922250,2.2376758e-05
255291,896750,6922250,2.4243229e-05
255292,898250,6922250,2.486065e-05
255520,892250,6920750,1.6677623e-05
255521,893750,6920750,2.1371561e-05
255522,895250,6920750,2.3234876e-05
255523,896750,6920750,2.41994e-05
255751,892250,6919250,1.9182709e-05
255752,893750,6919250,2.3867549e-05
255753,895250,6919250,2.3725905e-05
255754,896750,6919250,2.4250065e-05
255981,890750,6917750,9.6403519e-06
255982,892250,6917750,1.9528936e-05
255983,893750,6917750,2.402883e-05
255984,895250,6917750,2.3985003e-05
256211,890750,6916250,1.4505441e-05
256212,892250,6916250,2.0779735e-05
256213,893750,6916250,2.3602139e-05
256214,895250,6916250,2.3682427e-05
256441,890750,6914750,2.1408376e-05
256442,892250,6914750,2.2256325e-05
256443,893750,6914750,2.2789953e-05
256444,895250,6914750,2.2957543e-05
256671,890750,6913250,2.2702299e-05
256672,892250,6913250,2.2596942e-05
256673,893750,6913250,2.2664784e-05
256899,889250,6911750,1.6596212e-05
256900,890750,6911750,2.2789076e-05
256901,892250,6911750,2.2685295e-05
256902,893750,6911750,2.2764709e-05
257128,889250,6910250,1.761724e-05
257129,890750,6910250,2.2758748e-05
257130,892250,6910250,2.2980859e-05
257131,893750,6910250,2.075414e-05
257356,887750,6908750,1.145309e-05
257357,889250,6908750,1.8331253e-05
257358,890750,6908750,2.2743496e-05
257359,892250,6908750,2.3277649e-05
257360,893750,6908750,1.8394891e-05
257586,889250,6907250,1.7788861e-05
257587,890750,6907250,2.2715098e-05
257588,892250,6907250,2.3198587e-05
257589,893750,6907250,1.8092665e-05
257814,887750,6905750,8.5865613e-06
257815,889250,6905750,1.7567627e-05
257816,890750,6905750,2.2714747e-05
257817,892250,6905750,2.3128641e-05
258042,887750,6904250,8.8884881e-06
258043,889250,6904250,1.7942955e-05
258044,890750,6904250,2.2795388e-05
258045,892250,6904250,2.3094455e-05
258270,887750,6902750,1.2608873e-05
258271,889250,6902750,1.9196032e-05
258272,890750,6902750,2.2735958e-05
258273,892250,6902750,2.3117596e-05
258498,887750,6901250,1.9794172e-05
258499,889250,6901250,2.1291273e-05
258500,890750,6901250,2.2504555e-05
258501,892250,6901250,2.3260471e-05
258725,886250,6899750,1.5302008e-05
258726,887750,6899750,2.2475631e-05
258727,889250,6899750,2.2202506e-05
258728,890750,6899750,2.2507011e-05
258952,886250,6898250,1.5694621e-05
258953,887750,6898250,2.263691e-05
258954,889250,6898250,2.2475106e-05
258955,890750,6898250,2.2660228e-05
258956,892250,6898250,2.3087796e-05
259180,886250,6896750,1.5937278e-05
259181,887750,6896750,2.2651988e-05
259182,889250,6896750,2.2529624e-05
259183,890750,6896750,2.1009559e-05
259407,886250,6895250,1.6150045e-05
259408,887750,6895250,2.2624288e-05
259409,889250,6895250,2.2508588e-05
259410,890750,6895250,1.8433106e-05
259634,886250,6893750,1.8817726e-05
259635,887750,6893750,2.2119411e-05
259636,889250,6893750,2.2288932e-05
259637,890750,6893750,1.779903e-05
259860,884750,6892250,2.0331305e-05
259861,886250,6892250,2.1058644e-05
259862,887750,6892250,2.1650647e-05
259863,889250,6892250,2.2062613e-05
259864,890750,6892250,1.750003e-05
260087,884750,6890750,2.0361456e-05
260088,886250,6890750,2.1308453e-05
260089,887750,6890750,2.1831736e-05
260090,889250,6890750,2.1791242e-05
260313,884750,6889250,2.0271e-05
260314,886250,6889250,2.1345091e-05
260315,887750,6889250,2.1805792e-05
260316,889250,6889250,2.14799e-05
260539,884750,6887750,1.9849042e-05
260540,886250,6887750,2.0726091e-05
260541,887750,6887750,2.1171891e-05
260542,889250,6887750,2.1124031e-05
260543,890750,6887750,1.9759285e-05
260765,883250,6886250,1.315365e-05
260766,884750,6886250,1.9810825e-05
260767,886250,6886250,2.0353044e-05
260768,887750,6886250,2.0692958e-05
260769,889250,6886250,2.0817775e-05
260991,883250,6884750,1.3684016e-05
260992,884750,6884750,2.0251717e-05
260993,886250,6884750,2.0330604e-05
260994,887750,6884750,2.0447707e-05
260995,889250,6884750,2.0578134e-05
260996,890750,6884750,2.1561242e-05
261218,883250,6883250,1.596955e-05
261219,884750,6883250,2.0215428e-05
261220,886250,6883250,2.0304658e-05
261221,887750,6883250,2.0407913e-05
261222,889250,6883250,2.0532379e-05
261443,881750,6881750,1.7699105e-05
261444,883250,6881750,1.9081908e-05
261445,884750,6881750,1.9879193e-05
261446,886250,6881750,2.0310619e-05
261447,887750,6881750,2.0554293e-05
261448,889250,6881750,2.0686472e-05
261669,881750,6880250,1.897883e-05
261670,883250,6880250,1.9455834e-05
261671,884750,6880250,1.9541558e-05
261672,886250,6880250,2.0240848e-05
261673,887750,6880250,2.059251e-05
261674,889250,6880250,2.0752737e-05
261895,881750,6878750,1.8917473e-05
261896,883250,6878750,1.9065781e-05
261897,884750,6878750,1.9211458e-05
261898,886250,6878750,2.0146534e-05
261899,887750,6878750,2.0579888e-05
261900,889250,6878750,2.0602676e-05
262121,881750,6877250,1.9096284e-05
262122,883250,6877250,1.9167983e-05
262123,884750,6877250,1.9448646e-05
262124,886250,6877250,2.0359528e-05
262125,887750,6877250,1.8786521e-05
262345,880250,6875750,1.1618647e-05
262346,881750,6875750,1.9189019e-05
262347,883250,6875750,1.9333471e-05
262348,884750,6875750,1.9703364e-05
262349,886250,6875750,2.0595315e-05
262569,880250,6874250,1.1882183e-05
262570,881750,6874250,1.9487914e-05
262571,883250,6874250,1.9604491e-05
262572,884750,6874250,1.8563358e-05
262573,886250,6874250,1.6014323e-05
262793,880250,6872750,1.3300082e-05
262794,881750,6872750,1.9720019e-05
262795,883250,6872750,1.9090849e-05
262796,884750,6872750,1.6750129e-05
263015,878750,6871250,1.4356187e-05
263016,880250,6871250,1.7426331e-05
263017,881750,6871250,1.9623774e-05
263018,883250,6871250,1.5659734e-05
263237,878750,6869750,1.7675789e-05
263238,880250,6869750,1.9540155e-05
263239,881750,6869750,1.9339783e-05
263240,883250,6869750,1.3334564e-05
263459,878750,6868250,1.753134e-05
263460,880250,6868250,1.92928e-05
263461,881750,6868250,1.9039486e-05
263680,878750,6866750,1.7853023e-05
263681,880250,6866750,1.7906141e-05
263899,877250,6865250,1.2863766e-05
263900,878750,6865250,1.8494464e-05
264118,877250,6863750,1.1639193e-05
264119,878750,6863750,1.5158959e-05
266051,868250,6850250,1.0034156e-05
266262,866750,6848750,1.0283229e-05
266472,865250,6847250,9.8277178e-06
266681,863750,6845750,8.0674135e-06
266682,865250,6845750,9.6854583e-06
266891,863750,6844250,1.5222349e-05
268132,857750,6835250,1.1405757e-05
268133,859250,6835250,1.1383546e-05
268338,857750,6833750,1.278849e-05
268542,856250,6832250,2.0506259e-05
269950,848750,6821750,1.6187209e-05
270932,839750,6814250,1.3704807e-05
270933,841250,6814250,1.35927e-05
271126,839750,6812750,1.4728849e-05
271127,841250,6812750,1.3785763e-05
271319,838250,6811250,1.6250107e-05
271320,839750,6811250,1.1824595e-05
271512,838250,6809750,1.4385796e-05
271703,836750,6808250,7.8987705e-06
271894,836750,6806750,1.043471e-05
272084,835250,6805250,1.9382731e-05
272274,835250,6803750,2.0102883e-05
272464,835250,6802250,1.9777694e-05
273218,832250,6796250,1.6468661e-05
