ILAY,INODE,ICOL,IROW,X,Y,stage_m,cond_m2_per_day,rbot_m
7,230510,49,211,623750,7129250,588.09,5000.0,588.09
7,230511,40,212,610250,7127750,532.2,5000.0,532.2
7,230512,41,212,611750,7127750,528.76,5000.0,528.76
7,230513,43,212,614750,7127750,527.2,5000.0,527.2
7,230514,45,212,617750,7127750,527.66,5000.0,527.66
7,230515,46,212,619250,7127750,539.67,5000.0,539.67
7,230516,48,212,622250,7127750,557.71,5000.0,557.71
7,230517,49,212,623750,7127750,599.72,5000.0,599.72
7,230518,37,213,605750,7126250,531.31,5000.0,531.31
7,230519,38,213,607250,7126250,536.8,5000.0,536.8
7,230520,39,213,608750,7126250,538.63,5000.0,538.63
7,230521,40,213,610250,7126250,555.94,5000.0,555.94
7,230522,41,213,611750,7126250,533.95,5000.0,533.95
7,230523,42,213,613250,7126250,524.47,5000.0,524.47
7,230524,43,213,614750,7126250,527.64,5000.0,527.64
7,230525,44,213,616250,7126250,520.44,5000.0,520.44
7,230526,45,213,617750,7126250,529.2,5000.0,529.2
7,230527,46,213,619250,7126250,543.38,5000.0,543.38
7,230528,47,213,620750,7126250,543.8,5000.0,543.8
7,230529,48,213,622250,7126250,567.34,5000.0,567.34
7,230531,37,214,605750,7124750,519.09,5000.0,519.09
7,230535,41,214,611750,7124750,539.32,5000.0,539.32
7,230536,42,214,613250,7124750,530.33,5000.0,530.33
7,230537,43,214,614750,7124750,533.61,5000.0,533.61
7,230538,44,214,616250,7124750,531.8,5000.0,531.8
7,230544,36,215,604250,7123250,502.06,5000.0,502.06
7,230545,37,215,605750,7123250,510.95,5000.0,510.95
7,230559,3,216,554750,7121750,533.68,5000.0,533.68
7,230560,36,216,604250,7121750,489.01,5000.0,489.01
7,230574,50,216,625250,7121750,569.09,5000.0,569.09
7,230575,2,217,553250,7120250,546.48,5000.0,546.48
7,230576,3,217,554750,7120250,517.07,5000.0,517.07
7,230577,4,217,556250,7120250,516.17,5000.0,516.17
7,230578,34,217,601250,7120250,482.87,5000.0,482.87
7,230579,35,217,602750,7120250,486.94,5000.0,486.94
7,230595,51,217,626750,7120250,559.91,5000.0,559.91
7,230597,2,218,553250,7118750,531.56,5000.0,531.56
7,230598,3,218,554750,7118750,527.28,5000.0,527.28
7,230599,4,218,556250,7118750,515.17,5000.0,515.17
7,230600,5,218,557750,7118750,504.26,5000.0,504.26
7,230601,11,218,566750,7118750,515.83,5000.0,515.83
7,230602,12,218,568250,7118750,497.99,5000.0,497.99
7,230603,34,218,601250,7118750,470.98,5000.0,470.98
7,230604,35,218,602750,7118750,476.06,5000.0,476.06
7,230620,51,218,626750,7118750,557.45,5000.0,557.45
7,230624,4,219,556250,7117250,511.87,5000.0,511.87
7,230626,8,219,562250,7117250,523.01,5000.0,523.01
7,230627,9,219,563750,7117250,530.93,5000.0,530.93
7,230628,10,219,565250,7117250,521.0,5000.0,521.0
7,230629,11,219,566750,7117250,529.9,5000.0,529.9
7,230630,12,219,568250,7117250,491.22,5000.0,491.22
7,230631,13,219,569750,7117250,474.53,5000.0,474.53
7,230632,16,219,574250,7117250,438.82,5000.0,438.82
7,230633,33,219,599750,7117250,452.49,5000.0,452.49
7,230634,34,219,601250,7117250,460.31,5000.0,460.31
7,230658,9,220,563750,7115750,521.27,5000.0,521.27
7,230659,10,220,565250,7115750,511.78,5000.0,511.78
7,230660,11,220,566750,7115750,534.86,5000.0,534.86
7,230661,12,220,568250,7115750,485.67,5000.0,485.67
7,230663,14,220,571250,7115750,451.12,5000.0,451.12
7,230664,15,220,572750,7115750,441.36,5000.0,441.36
7,230665,16,220,574250,7115750,437.11,5000.0,437.11
7,230666,31,220,596750,7115750,440.47,5000.0,440.47
7,230667,32,220,598250,7115750,445.93,5000.0,445.93
7,230686,51,220,626750,7115750,536.49,5000.0,536.49
7,230687,52,220,628250,7115750,525.32,5000.0,525.32
7,230694,8,221,562250,7114250,496.42,5000.0,496.42
7,230695,9,221,563750,7114250,506.0,5000.0,506.0
7,230696,10,221,565250,7114250,498.81,5000.0,498.81
7,230697,11,221,566750,7114250,501.91,5000.0,501.91
7,230702,16,221,574250,7114250,435.77,5000.0,435.77
7,230703,17,221,575750,7114250,433.69,5000.0,433.69
7,230704,18,221,577250,7114250,436.72,5000.0,436.72
7,230705,30,221,595250,7114250,424.23,5000.0,424.23
7,230706,31,221,596750,7114250,433.68,5000.0,433.68
7,230727,52,221,628250,7114250,510.73,5000.0,510.73
7,230728,53,221,629750,7114250,496.56,5000.0,496.56
7,230729,54,221,631250,7114250,492.56,5000.0,492.56
7,230735,9,222,563750,7112750,490.37,5000.0,490.37
7,230736,10,222,565250,7112750,483.0,5000.0,483.0
7,230744,18,222,577250,7112750,422.28,5000.0,422.28
7,230745,19,222,578750,7112750,419.58,5000.0,419.58
7,230746,29,222,593750,7112750,405.77,5000.0,405.77
7,230747,30,222,595250,7112750,420.63,5000.0,420.63
7,230748,31,222,596750,7112750,422.27,5000.0,422.27
7,230770,53,222,629750,7112750,493.6,5000.0,493.6
7,230771,54,222,631250,7112750,481.98,5000.0,481.98
7,230779,8,223,562250,7111250,471.25,5000.0,471.25
7,230780,9,223,563750,7111250,477.17,5000.0,477.17
7,230781,10,223,565250,7111250,471.91,5000.0,471.91
7,230791,20,223,580250,7111250,405.27,5000.0,405.27
7,230792,28,223,592250,7111250,393.16,5000.0,393.16
7,230793,29,223,593750,7111250,405.38,5000.0,405.38
7,230794,30,223,595250,7111250,409.69,5000.0,409.69
7,230795,31,223,596750,7111250,409.91,5000.0,409.91
7,230796,32,223,598250,7111250,413.98,5000.0,413.98
7,230818,54,223,631250,7111250,467.74,5000.0,467.74
7,230826,8,224,562250,7109750,461.09,5000.0,461.09
7,230827,9,224,563750,7109750,456.31,5000.0,456.31
7,230839,21,224,581750,7109750,401.34,5000.0,401.34
7,230840,22,224,583250,7109750,396.11,5000.0,396.11
7,230843,30,224,595250,7109750,399.11,5000.0,399.11
7,230844,31,224,596750,7109750,404.09,5000.0,404.09
7,230868,55,224,632750,7109750,464.72,5000.0,464.72
7,230891,23,225,584750,7108250,388.59,5000.0,388.59
7,230892,24,225,586250,7108250,377.85,5000.0,377.85
7,230893,25,225,587750,7108250,374.25,5000.0,374.25
7,230894,26,225,589250,7108250,372.98,5000.0,372.98
7,230895,27,225,590750,7108250,372.55,5000.0,372.55
7,230924,56,225,634250,7108250,466.78,5000.0,466.78
7,230949,25,226,587750,7106750,364.99,5000.0,364.99
7,230950,26,226,589250,7106750,364.99,5000.0,364.99
7,230980,56,226,634250,7106750,473.81,5000.0,473.81
7,230981,57,226,635750,7106750,452.61,5000.0,452.61
7,230982,143,226,764750,7106750,353.21,5000.0,353.21
7,230983,144,226,766250,7106750,350.4,5000.0,350.4
7,230984,145,226,767750,7106750,353.2,5000.0,353.2
7,231040,56,227,634250,7105250,468.42,5000.0,468.42
7,231041,57,227,635750,7105250,445.6,5000.0,445.6
7,231042,58,227,637250,7105250,433.3,5000.0,433.3
7,231043,71,227,656750,7105250,451.67,5000.0,451.67
7,231044,144,227,766250,7105250,358.87,5000.0,358.87
7,231045,145,227,767750,7105250,360.41,5000.0,360.41
7,231046,146,227,769250,7105250,356.08,5000.0,356.08
7,231102,56,228,634250,7103750,464.85,5000.0,464.85
7,231103,57,228,635750,7103750,446.74,5000.0,446.74
7,231104,58,228,637250,7103750,428.41,5000.0,428.41
7,231105,59,228,638750,7103750,418.39,5000.0,418.39
7,231106,69,228,653750,7103750,436.14,5000.0,436.14
7,231107,70,228,655250,7103750,437.25,5000.0,437.25
7,231108,71,228,656750,7103750,440.52,5000.0,440.52
7,231109,72,228,658250,7103750,446.44,5000.0,446.44
7,231110,73,228,659750,7103750,441.48,5000.0,441.48
7,231111,144,228,766250,7103750,356.28,5000.0,356.28
7,231169,58,229,637250,7102250,424.95,5000.0,424.95
7,231170,59,229,638750,7102250,421.5,5000.0,421.5
7,231171,60,229,640250,7102250,408.16,5000.0,408.16
7,231172,61,229,641750,7102250,401.03,5000.0,401.03
7,231173,66,229,649250,7102250,424.55,5000.0,424.55
7,231174,68,229,652250,7102250,415.09,5000.0,415.09
7,231175,69,229,653750,7102250,423.0,5000.0,423.0
7,231176,70,229,655250,7102250,415.17,5000.0,415.17
7,231177,71,229,656750,7102250,419.28,5000.0,419.28
7,231178,72,229,658250,7102250,425.52,5000.0,425.52
7,231179,73,229,659750,7102250,423.06,5000.0,423.06
7,231180,90,229,685250,7102250,444.38,5000.0,444.38
7,231181,130,229,745250,7102250,351.77,5000.0,351.77
7,231182,131,229,746750,7102250,354.11,5000.0,354.11
7,231183,133,229,749750,7102250,340.15,5000.0,340.15
7,231184,134,229,751250,7102250,324.39,5000.0,324.39
7,231185,135,229,752750,7102250,307.29,5000.0,307.29
7,231186,143,229,764750,7102250,342.64,5000.0,342.64
7,231187,144,229,766250,7102250,346.42,5000.0,346.42
7,231188,145,229,767750,7102250,340.9,5000.0,340.9
7,231189,146,229,769250,7102250,336.18,5000.0,336.18
7,231190,147,229,770750,7102250,329.42,5000.0,329.42
7,231191,148,229,772250,7102250,327.77,5000.0,327.77
7,231249,58,230,637250,7100750,432.0,5000.0,432.0
7,231250,59,230,638750,7100750,428.17,5000.0,428.17
7,231251,60,230,640250,7100750,407.88,5000.0,407.88
7,231252,61,230,641750,7100750,387.68,5000.0,387.68
7,231253,62,230,643250,7100750,380.82,5000.0,380.82
7,231254,64,230,646250,7100750,397.51,5000.0,397.51
7,231255,66,230,649250,7100750,403.23,5000.0,403.23
7,231256,67,230,650750,7100750,397.91,5000.0,397.91
7,231257,68,230,652250,7100750,395.29,5000.0,395.29
7,231258,69,230,653750,7100750,397.35,5000.0,397.35
7,231259,70,230,655250,7100750,400.13,5000.0,400.13
7,231260,71,230,656750,7100750,420.7,5000.0,420.7
7,231261,72,230,658250,7100750,418.82,5000.0,418.82
7,231262,73,230,659750,7100750,404.45,5000.0,404.45
7,231263,74,230,661250,7100750,408.17,5000.0,408.17
7,231264,75,230,662750,7100750,411.84,5000.0,411.84
7,231265,90,230,685250,7100750,436.66,5000.0,436.66
7,231266,91,230,686750,7100750,438.29,5000.0,438.29
7,231267,128,230,742250,7100750,330.64,5000.0,330.64
7,231268,129,230,743750,7100750,336.82,5000.0,336.82
7,231269,130,230,745250,7100750,345.02,5000.0,345.02
7,231270,131,230,746750,7100750,351.24,5000.0,351.24
7,231271,132,230,748250,7100750,348.7,5000.0,348.7
7,231272,133,230,749750,7100750,337.52,5000.0,337.52
7,231273,144,230,766250,7100750,337.32,5000.0,337.32
7,231274,145,230,767750,7100750,337.3,5000.0,337.3
7,231275,146,230,769250,7100750,331.17,5000.0,331.17
7,231276,147,230,770750,7100750,327.87,5000.0,327.87
7,231277,148,230,772250,7100750,327.08,5000.0,327.08
7,231278,149,230,773750,7100750,323.55,5000.0,323.55
7,231338,60,231,640250,7099250,402.4,5000.0,402.4
7,231339,61,231,641750,7099250,392.13,5000.0,392.13
7,231340,62,231,643250,7099250,380.01,5000.0,380.01
7,231341,63,231,644750,7099250,375.43,5000.0,375.43
7,231342,64,231,646250,7099250,374.35,5000.0,374.35
7,231343,65,231,647750,7099250,377.46,5000.0,377.46
7,231344,66,231,649250,7099250,389.65,5000.0,389.65
7,231345,67,231,650750,7099250,381.69,5000.0,381.69
7,231346,68,231,652250,7099250,379.47,5000.0,379.47
7,231347,69,231,653750,7099250,385.79,5000.0,385.79
7,231348,70,231,655250,7099250,397.9,5000.0,397.9
7,231349,71,231,656750,7099250,425.94,5000.0,425.94
7,231350,72,231,658250,7099250,418.02,5000.0,418.02
7,231351,73,231,659750,7099250,430.56,5000.0,430.56
7,231352,74,231,661250,7099250,419.07,5000.0,419.07
7,231353,75,231,662750,7099250,406.96,5000.0,406.96
7,231354,90,231,685250,7099250,427.09,5000.0,427.09
7,231355,91,231,686750,7099250,427.85,5000.0,427.85
7,231356,93,231,689750,7099250,420.68,5000.0,420.68
7,231357,121,231,731750,7099250,334.71,5000.0,334.71
7,231358,122,231,733250,7099250,325.41,5000.0,325.41
7,231359,128,231,742250,7099250,314.48,5000.0,314.48
7,231360,129,231,743750,7099250,318.9,5000.0,318.9
7,231361,130,231,745250,7099250,325.82,5000.0,325.82
7,231362,131,231,746750,7099250,337.73,5000.0,337.73
7,231363,132,231,748250,7099250,327.2,5000.0,327.2
7,231364,133,231,749750,7099250,321.28,5000.0,321.28
7,231365,134,231,751250,7099250,321.44,5000.0,321.44
7,231366,135,231,752750,7099250,301.94,5000.0,301.94
7,231367,136,231,754250,7099250,304.79,5000.0,304.79
7,231368,137,231,755750,7099250,309.67,5000.0,309.67
7,231369,138,231,757250,7099250,302.95,5000.0,302.95
7,231370,143,231,764750,7099250,318.76,5000.0,318.76
7,231371,144,231,766250,7099250,324.32,5000.0,324.32
7,231372,145,231,767750,7099250,327.71,5000.0,327.71
7,231433,61,232,641750,7097750,392.25,5000.0,392.25
7,231434,62,232,643250,7097750,384.5,5000.0,384.5
7,231435,63,232,644750,7097750,384.18,5000.0,384.18
7,231437,65,232,647750,7097750,370.74,5000.0,370.74
7,231438,66,232,649250,7097750,383.73,5000.0,383.73
7,231439,67,232,650750,7097750,371.72,5000.0,371.72
7,231440,68,232,652250,7097750,377.24,5000.0,377.24
7,231441,69,232,653750,7097750,391.99,5000.0,391.99
7,231442,70,232,655250,7097750,406.85,5000.0,406.85
7,231443,71,232,656750,7097750,414.46,5000.0,414.46
7,231444,72,232,658250,7097750,402.86,5000.0,402.86
7,231445,73,232,659750,7097750,399.67,5000.0,399.67
7,231446,74,232,661250,7097750,406.99,5000.0,406.99
7,231447,75,232,662750,7097750,405.77,5000.0,405.77
7,231448,76,232,664250,7097750,398.31,5000.0,398.31
7,231449,78,232,667250,7097750,390.0,5000.0,390.0
7,231450,87,232,680750,7097750,436.17,5000.0,436.17
7,231451,90,232,685250,7097750,413.57,5000.0,413.57
7,231452,91,232,686750,7097750,408.87,5000.0,408.87
7,231453,92,232,688250,7097750,406.02,5000.0,406.02
7,231454,93,232,689750,7097750,413.29,5000.0,413.29
7,231455,94,232,691250,7097750,414.2,5000.0,414.2
7,231456,95,232,692750,7097750,428.19,5000.0,428.19
7,231457,96,232,694250,7097750,441.52,5000.0,441.52
7,231458,121,232,731750,7097750,342.93,5000.0,342.93
7,231459,122,232,733250,7097750,331.52,5000.0,331.52
7,231460,123,232,734750,7097750,319.04,5000.0,319.04
7,231461,129,232,743750,7097750,304.65,5000.0,304.65
7,231462,130,232,745250,7097750,325.01,5000.0,325.01
7,231463,131,232,746750,7097750,339.56,5000.0,339.56
7,231464,132,232,748250,7097750,319.8,5000.0,319.8
7,231465,133,232,749750,7097750,303.17,5000.0,303.17
7,231466,134,232,751250,7097750,301.94,5000.0,301.94
7,231467,135,232,752750,7097750,301.94,5000.0,301.94
7,231468,136,232,754250,7097750,311.31,5000.0,311.31
7,231469,137,232,755750,7097750,313.65,5000.0,313.65
7,231470,138,232,757250,7097750,294.08,5000.0,294.08
7,231473,145,232,767750,7097750,322.91,5000.0,322.91
7,231474,146,232,769250,7097750,305.64,5000.0,305.64
7,231475,147,232,770750,7097750,293.45,5000.0,293.45
7,231476,148,232,772250,7097750,294.67,5000.0,294.67
7,231477,149,232,773750,7097750,291.67,5000.0,291.67
7,231478,150,232,775250,7097750,292.14,5000.0,292.14
7,231479,151,232,776750,7097750,300.93,5000.0,300.93
7,231480,152,232,778250,7097750,301.94,5000.0,301.94
7,231545,65,233,647750,7096250,367.43,5000.0,367.43
7,231546,66,233,649250,7096250,366.32,5000.0,366.32
7,231547,67,233,650750,7096250,370.07,5000.0,370.07
7,231548,68,233,652250,7096250,374.19,5000.0,374.19
7,231551,71,233,656750,7096250,395.9,5000.0,395.9
7,231553,73,233,659750,7096250,388.72,5000.0,388.72
7,231554,74,233,661250,7096250,386.17,5000.0,386.17
7,231555,75,233,662750,7096250,405.26,5000.0,405.26
7,231556,76,233,664250,7096250,389.87,5000.0,389.87
7,231557,78,233,667250,7096250,390.96,5000.0,390.96
7,231558,83,233,674750,7096250,396.42,5000.0,396.42
7,231559,84,233,676250,7096250,402.99,5000.0,402.99
7,231560,87,233,680750,7096250,417.53,5000.0,417.53
7,231561,90,233,685250,7096250,398.76,5000.0,398.76
7,231562,91,233,686750,7096250,389.73,5000.0,389.73
7,231563,92,233,688250,7096250,402.57,5000.0,402.57
7,231564,93,233,689750,7096250,411.94,5000.0,411.94
7,231565,94,233,691250,7096250,402.21,5000.0,402.21
7,231566,95,233,692750,7096250,405.02,5000.0,405.02
7,231567,96,233,694250,7096250,422.14,5000.0,422.14
7,231568,98,233,697250,7096250,437.04,5000.0,437.04
7,231569,99,233,698750,7096250,437.8,5000.0,437.8
7,231570,118,233,727250,7096250,350.2,5000.0,350.2
7,231571,120,233,730250,7096250,343.6,5000.0,343.6
7,231572,121,233,731750,7096250,351.12,5000.0,351.12
7,231573,122,233,733250,7096250,336.51,5000.0,336.51
7,231574,126,233,739250,7096250,332.93,5000.0,332.93
7,231575,127,233,740750,7096250,319.69,5000.0,319.69
7,231576,128,233,742250,7096250,304.46,5000.0,304.46
7,231577,129,233,743750,7096250,307.02,5000.0,307.02
7,231578,130,233,745250,7096250,343.5,5000.0,343.5
7,231579,131,233,746750,7096250,360.43,5000.0,360.43
7,231580,132,233,748250,7096250,335.27,5000.0,335.27
7,231581,133,233,749750,7096250,312.72,5000.0,312.72
7,231582,134,233,751250,7096250,308.58,5000.0,308.58
7,231583,135,233,752750,7096250,321.53,5000.0,321.53
7,231584,136,233,754250,7096250,328.73,5000.0,328.73
7,231585,137,233,755750,7096250,305.31,5000.0,305.31
7,231586,138,233,757250,7096250,284.04,5000.0,284.04
7,231589,141,233,761750,7096250,283.58,5000.0,283.58
7,231595,147,233,770750,7096250,293.45,5000.0,293.45
7,231596,148,233,772250,7096250,294.16,5000.0,294.16
7,231597,149,233,773750,7096250,291.67,5000.0,291.67
7,231598,150,233,775250,7096250,292.69,5000.0,292.69
7,231599,151,233,776750,7096250,297.33,5000.0,297.33
7,231600,152,233,778250,7096250,295.52,5000.0,295.52
7,231601,158,233,787250,7096250,308.22,5000.0,308.22
7,231602,159,233,788750,7096250,316.32,5000.0,316.32
7,231670,68,234,652250,7094750,360.81,5000.0,360.81
7,231671,69,234,653750,7094750,367.43,5000.0,367.43
7,231676,74,234,661250,7094750,377.18,5000.0,377.18
7,231677,75,234,662750,7094750,382.83,5000.0,382.83
7,231679,77,234,665750,7094750,376.93,5000.0,376.93
7,231680,78,234,667250,7094750,371.84,5000.0,371.84
7,231681,79,234,668750,7094750,387.2,5000.0,387.2
7,231682,82,234,673250,7094750,366.67,5000.0,366.67
7,231683,83,234,674750,7094750,384.54,5000.0,384.54
7,231684,84,234,676250,7094750,377.24,5000.0,377.24
7,231685,85,234,677750,7094750,374.53,5000.0,374.53
7,231686,86,234,679250,7094750,384.99,5000.0,384.99
7,231687,87,234,680750,7094750,387.66,5000.0,387.66
7,231688,89,234,683750,7094750,392.75,5000.0,392.75
7,231689,90,234,685250,7094750,379.2,5000.0,379.2
7,231690,91,234,686750,7094750,380.13,5000.0,380.13
7,231691,92,234,688250,7094750,394.58,5000.0,394.58
7,231692,93,234,689750,7094750,385.09,5000.0,385.09
7,231693,94,234,691250,7094750,386.98,5000.0,386.98
7,231694,95,234,692750,7094750,396.5,5000.0,396.5
7,231695,96,234,694250,7094750,402.14,5000.0,402.14
7,231696,97,234,695750,7094750,414.0,5000.0,414.0
7,231697,98,234,697250,7094750,430.44,5000.0,430.44
7,231698,99,234,698750,7094750,436.89,5000.0,436.89
7,231699,117,234,725750,7094750,342.64,5000.0,342.64
7,231700,118,234,727250,7094750,350.13,5000.0,350.13
7,231701,119,234,728750,7094750,355.98,5000.0,355.98
7,231702,120,234,730250,7094750,351.65,5000.0,351.65
7,231703,121,234,731750,7094750,344.4,5000.0,344.4
7,231704,122,234,733250,7094750,330.93,5000.0,330.93
7,231705,123,234,734750,7094750,328.18,5000.0,328.18
7,231706,125,234,737750,7094750,319.29,5000.0,319.29
7,231707,126,234,739250,7094750,322.92,5000.0,322.92
7,231708,127,234,740750,7094750,329.88,5000.0,329.88
7,231709,128,234,742250,7094750,312.4,5000.0,312.4
7,231710,129,234,743750,7094750,314.84,5000.0,314.84
7,231711,130,234,745250,7094750,340.91,5000.0,340.91
7,231712,131,234,746750,7094750,350.33,5000.0,350.33
7,231713,132,234,748250,7094750,328.83,5000.0,328.83
7,231714,133,234,749750,7094750,317.19,5000.0,317.19
7,231715,134,234,751250,7094750,322.4,5000.0,322.4
7,231716,135,234,752750,7094750,327.47,5000.0,327.47
7,231717,136,234,754250,7094750,307.41,5000.0,307.41
7,231718,137,234,755750,7094750,291.3,5000.0,291.3
7,231719,138,234,757250,7094750,288.32,5000.0,288.32
7,231728,147,234,770750,7094750,300.97,5000.0,300.97
7,231729,148,234,772250,7094750,301.78,5000.0,301.78
7,231730,149,234,773750,7094750,292.54,5000.0,292.54
7,231731,150,234,775250,7094750,298.36,5000.0,298.36
7,231732,151,234,776750,7094750,284.52,5000.0,284.52
7,231733,152,234,778250,7094750,277.4,5000.0,277.4
7,231734,153,234,779750,7094750,274.71,5000.0,274.71
7,231735,154,234,781250,7094750,276.52,5000.0,276.52
7,231736,155,234,782750,7094750,274.47,5000.0,274.47
7,231737,158,234,787250,7094750,303.37,5000.0,303.37
7,231738,159,234,788750,7094750,314.4,5000.0,314.4
7,231739,160,234,790250,7094750,322.58,5000.0,322.58
7,231740,162,234,793250,7094750,318.26,5000.0,318.26
7,231808,68,235,652250,7093250,358.06,5000.0,358.06
7,231809,69,235,653750,7093250,356.33,5000.0,356.33
7,231815,75,235,662750,7093250,370.72,5000.0,370.72
7,231817,77,235,665750,7093250,367.04,5000.0,367.04
7,231818,78,235,667250,7093250,364.89,5000.0,364.89
7,231819,79,235,668750,7093250,367.76,5000.0,367.76
7,231820,80,235,670250,7093250,360.54,5000.0,360.54
7,231821,81,235,671750,7093250,350.65,5000.0,350.65
7,231822,82,235,673250,7093250,363.81,5000.0,363.81
7,231823,83,235,674750,7093250,363.93,5000.0,363.93
7,231824,84,235,676250,7093250,361.38,5000.0,361.38
7,231825,85,235,677750,7093250,368.32,5000.0,368.32
7,231826,86,235,679250,7093250,388.8,5000.0,388.8
7,231827,87,235,680750,7093250,368.44,5000.0,368.44
7,231828,88,235,682250,7093250,372.05,5000.0,372.05
7,231829,89,235,683750,7093250,386.36,5000.0,386.36
7,231830,90,235,685250,7093250,371.41,5000.0,371.41
7,231831,91,235,686750,7093250,370.99,5000.0,370.99
7,231832,92,235,688250,7093250,374.24,5000.0,374.24
7,231833,93,235,689750,7093250,380.91,5000.0,380.91
7,231840,100,235,700250,7093250,424.35,5000.0,424.35
7,231841,117,235,725750,7093250,341.03,5000.0,341.03
7,231843,119,235,728750,7093250,356.33,5000.0,356.33
7,231844,120,235,730250,7093250,350.94,5000.0,350.94
7,231845,121,235,731750,7093250,341.61,5000.0,341.61
7,231846,122,235,733250,7093250,332.18,5000.0,332.18
7,231847,123,235,734750,7093250,320.5,5000.0,320.5
7,231848,124,235,736250,7093250,311.81,5000.0,311.81
7,231849,125,235,737750,7093250,319.18,5000.0,319.18
7,231850,126,235,739250,7093250,334.11,5000.0,334.11
7,231851,127,235,740750,7093250,336.78,5000.0,336.78
7,231852,128,235,742250,7093250,326.48,5000.0,326.48
7,231853,129,235,743750,7093250,318.56,5000.0,318.56
7,231858,134,235,751250,7093250,335.92,5000.0,335.92
7,231860,136,235,754250,7093250,297.09,5000.0,297.09
7,231861,137,235,755750,7093250,294.67,5000.0,294.67
7,231872,148,235,772250,7093250,306.37,5000.0,306.37
7,231873,149,235,773750,7093250,303.37,5000.0,303.37
7,231874,150,235,775250,7093250,295.83,5000.0,295.83
7,231875,151,235,776750,7093250,286.29,5000.0,286.29
7,231876,152,235,778250,7093250,282.53,5000.0,282.53
7,231877,153,235,779750,7093250,286.49,5000.0,286.49
7,231878,154,235,781250,7093250,283.42,5000.0,283.42
7,231879,155,235,782750,7093250,282.9,5000.0,282.9
7,231880,158,235,787250,7093250,292.3,5000.0,292.3
7,231881,159,235,788750,7093250,306.74,5000.0,306.74
7,231882,160,235,790250,7093250,319.86,5000.0,319.86
7,231883,161,235,791750,7093250,329.37,5000.0,329.37
7,231884,162,235,793250,7093250,334.07,5000.0,334.07
7,231885,163,235,794750,7093250,328.77,5000.0,328.77
7,231963,78,236,667250,7091750,360.12,5000.0,360.12
7,231964,79,236,668750,7091750,350.47,5000.0,350.47
7,231965,80,236,670250,7091750,345.55,5000.0,345.55
7,231966,81,236,671750,7091750,343.1,5000.0,343.1
7,231967,82,236,673250,7091750,349.53,5000.0,349.53
7,231968,83,236,674750,7091750,351.99,5000.0,351.99
7,231969,84,236,676250,7091750,357.03,5000.0,357.03
7,231972,87,236,680750,7091750,370.44,5000.0,370.44
7,231973,88,236,682250,7091750,359.57,5000.0,359.57
7,231974,89,236,683750,7091750,359.57,5000.0,359.57
7,231975,90,236,685250,7091750,362.39,5000.0,362.39
7,231976,91,236,686750,7091750,366.02,5000.0,366.02
7,231986,101,236,701750,7091750,405.88,5000.0,405.88
7,231987,105,236,707750,7091750,417.65,5000.0,417.65
7,231988,106,236,709250,7091750,404.14,5000.0,404.14
7,231989,107,236,710750,7091750,402.87,5000.0,402.87
7,231990,108,236,712250,7091750,393.32,5000.0,393.32
7,231991,109,236,713750,7091750,387.18,5000.0,387.18
7,231992,117,236,725750,7091750,342.7,5000.0,342.7
7,231994,119,236,728750,7091750,365.55,5000.0,365.55
7,231997,122,236,733250,7091750,334.04,5000.0,334.04
7,231998,123,236,734750,7091750,322.56,5000.0,322.56
7,232000,125,236,737750,7091750,329.12,5000.0,329.12
7,232001,126,236,739250,7091750,350.18,5000.0,350.18
7,232003,128,236,742250,7091750,347.03,5000.0,347.03
7,232004,129,236,743750,7091750,335.36,5000.0,335.36
7,232005,130,236,745250,7091750,327.76,5000.0,327.76
7,232006,131,236,746750,7091750,335.43,5000.0,335.43
7,232009,134,236,751250,7091750,322.02,5000.0,322.02
7,232025,150,236,775250,7091750,299.63,5000.0,299.63
7,232026,151,236,776750,7091750,293.78,5000.0,293.78
7,232030,155,236,782750,7091750,277.77,5000.0,277.77
7,232031,156,236,784250,7091750,273.46,5000.0,273.46
7,232032,157,236,785750,7091750,277.53,5000.0,277.53
7,232033,158,236,787250,7091750,281.35,5000.0,281.35
7,232034,159,236,788750,7091750,292.14,5000.0,292.14
7,232035,160,236,790250,7091750,305.82,5000.0,305.82
7,232119,79,237,668750,7090250,353.18,5000.0,353.18
7,232120,80,237,670250,7090250,341.77,5000.0,341.77
7,232121,81,237,671750,7090250,340.79,5000.0,340.79
7,232122,82,237,673250,7090250,346.73,5000.0,346.73
7,232123,83,237,674750,7090250,342.71,5000.0,342.71
7,232124,84,237,676250,7090250,343.61,5000.0,343.61
7,232142,102,237,703250,7090250,413.63,5000.0,413.63
7,232143,103,237,704750,7090250,401.26,5000.0,401.26
7,232144,104,237,706250,7090250,401.24,5000.0,401.24
7,232145,105,237,707750,7090250,398.32,5000.0,398.32
7,232146,106,237,709250,7090250,395.48,5000.0,395.48
7,232147,107,237,710750,7090250,389.29,5000.0,389.29
7,232148,108,237,712250,7090250,388.83,5000.0,388.83
7,232149,109,237,713750,7090250,399.89,5000.0,399.89
7,232150,110,237,715250,7090250,395.46,5000.0,395.46
7,232151,111,237,716750,7090250,377.5,5000.0,377.5
7,232152,113,237,719750,7090250,397.92,5000.0,397.92
7,232153,114,237,721250,7090250,388.58,5000.0,388.58
7,232165,128,237,742250,7090250,353.35,5000.0,353.35
7,232192,155,237,782750,7090250,277.27,5000.0,277.27
7,232193,156,237,784250,7090250,277.64,5000.0,277.64
7,232194,157,237,785750,7090250,291.91,5000.0,291.91
7,232195,158,237,787250,7090250,284.57,5000.0,284.57
7,232196,159,237,788750,7090250,287.82,5000.0,287.82
7,232197,160,237,790250,7090250,294.75,5000.0,294.75
7,232198,161,237,791750,7090250,307.04,5000.0,307.04
7,232283,80,238,670250,7088750,343.5,5000.0,343.5
7,232284,81,238,671750,7088750,338.42,5000.0,338.42
7,232285,82,238,673250,7088750,339.7,5000.0,339.7
7,232307,104,238,706250,7088750,386.81,5000.0,386.81
7,232308,105,238,707750,7088750,383.39,5000.0,383.39
7,232309,106,238,709250,7088750,384.3,5000.0,384.3
7,232310,107,238,710750,7088750,378.1,5000.0,378.1
7,232316,113,238,719750,7088750,383.41,5000.0,383.41
7,232318,115,238,722750,7088750,372.73,5000.0,372.73
7,232358,155,238,782750,7088750,280.97,5000.0,280.97
7,232474,105,239,707750,7087250,377.07,5000.0,377.07
7,232475,106,239,709250,7087250,377.07,5000.0,377.07
7,233039,169,242,803750,7082750,337.71,5000.0,337.71
7,233377,170,244,805250,7079750,337.71,5000.0,337.71
7,233718,171,246,806750,7076750,382.44,5000.0,382.44
7,233890,172,247,808250,7075250,382.78,5000.0,382.78
7,234061,171,248,806750,7073750,354.03,5000.0,354.03
7,234062,172,248,808250,7073750,352.7,5000.0,352.7
7,234234,172,249,808250,7072250,354.67,5000.0,354.67
7,234235,173,249,809750,7072250,351.02,5000.0,351.02
7,234408,173,250,809750,7070750,353.51,5000.0,353.51
7,234581,173,251,809750,7069250,363.05,5000.0,363.05
7,234582,174,251,811250,7069250,362.87,5000.0,362.87
7,234756,174,252,811250,7067750,345.56,5000.0,345.56
7,234930,174,253,811250,7066250,333.77,5000.0,333.77
7,234931,175,253,812750,7066250,352.52,5000.0,352.52
7,235105,174,254,811250,7064750,326.66,5000.0,326.66
7,235106,175,254,812750,7064750,337.39,5000.0,337.39
7,235281,175,255,812750,7063250,327.5,5000.0,327.5
7,235282,176,255,814250,7063250,328.31,5000.0,328.31
7,235457,175,256,812750,7061750,314.05,5000.0,314.05
7,235458,176,256,814250,7061750,320.95,5000.0,320.95
7,235459,177,256,815750,7061750,330.25,5000.0,330.25
7,235635,176,257,814250,7060250,309.28,5000.0,309.28
7,235636,177,257,815750,7060250,319.67,5000.0,319.67
7,235637,178,257,817250,7060250,329.89,5000.0,329.89
7,235814,177,258,815750,7058750,305.45,5000.0,305.45
7,235815,178,258,817250,7058750,321.11,5000.0,321.11
7,236355,181,261,821750,7054250,314.85,5000.0,314.85
7,236536,181,262,821750,7052750,314.08,5000.0,314.08
7,236716,180,263,820250,7051250,305.57,5000.0,305.57
7,236717,181,263,821750,7051250,315.33,5000.0,315.33
7,236898,181,264,821750,7049750,331.05,5000.0,331.05
7,236899,182,264,823250,7049750,341.89,5000.0,341.89
7,237080,181,265,821750,7048250,314.69,5000.0,314.69
7,237261,181,266,821750,7046750,326.1,5000.0,326.1
7,237262,182,266,823250,7046750,336.76,5000.0,336.76
7,237263,183,266,824750,7046750,353.44,5000.0,353.44
7,237444,181,267,821750,7045250,319.88,5000.0,319.88
7,237445,182,267,823250,7045250,334.52,5000.0,334.52
7,237446,183,267,824750,7045250,330.21,5000.0,330.21
7,237629,183,268,824750,7043750,323.22,5000.0,323.22
7,237630,184,268,826250,7043750,325.45,5000.0,325.45
7,237814,184,269,826250,7042250,314.21,5000.0,314.21
7,240667,197,284,845750,7019750,319.95,5000.0,319.95
7,240865,198,285,847250,7018250,320.08,5000.0,320.08
7,241064,199,286,848750,7016750,322.97,5000.0,322.97
7,241264,200,287,850250,7015250,321.87,5000.0,321.87
7,241464,200,288,850250,7013750,316.12,5000.0,316.12
7,241465,201,288,851750,7013750,329.43,5000.0,329.43
7,241666,201,289,851750,7012250,326.68,5000.0,326.68
7,241867,201,290,851750,7010750,325.42,5000.0,325.42
7,241868,202,290,853250,7010750,315.71,5000.0,315.71
7,241869,203,290,854750,7010750,308.68,5000.0,308.68
7,242071,202,291,853250,7009250,314.29,5000.0,314.29
7,242900,207,295,860750,7003250,329.48,5000.0,329.48
7,243110,208,296,862250,7001750,327.35,5000.0,327.35
7,243323,211,297,866750,7000250,340.13,5000.0,340.13
7,243534,211,298,866750,6998750,341.97,5000.0,341.97
7,243535,212,298,868250,6998750,349.92,5000.0,349.92
7,243747,212,299,868250,6997250,354.05,5000.0,354.05
7,243748,213,299,869750,6997250,342.38,5000.0,342.38
7,243961,213,300,869750,6995750,350.83,5000.0,350.83
7,243962,214,300,871250,6995750,345.91,5000.0,345.91
7,244176,214,301,871250,6994250,354.61,5000.0,354.61
7,244177,215,301,872750,6994250,350.45,5000.0,350.45
7,244393,215,302,872750,6992750,361.06,5000.0,361.06
7,244395,220,302,880250,6992750,353.58,5000.0,353.58
7,244396,223,302,884750,6992750,361.84,5000.0,361.84
7,244611,215,303,872750,6991250,362.41,5000.0,362.41
7,244612,216,303,874250,6991250,354.06,5000.0,354.06
7,244616,220,303,880250,6991250,365.74,5000.0,365.74
7,244617,221,303,881750,6991250,353.28,5000.0,353.28
7,244618,222,303,883250,6991250,351.88,5000.0,351.88
7,244619,223,303,884750,6991250,362.27,5000.0,362.27
7,244620,224,303,886250,6991250,366.48,5000.0,366.48
7,244836,216,304,874250,6989750,357.86,5000.0,357.86
7,244839,219,304,878750,6989750,369.5,5000.0,369.5
7,244840,220,304,880250,6989750,374.2,5000.0,374.2
7,244841,221,304,881750,6989750,359.96,5000.0,359.96
7,244842,222,304,883250,6989750,356.42,5000.0,356.42
7,244843,223,304,884750,6989750,373.26,5000.0,373.26
7,244844,224,304,886250,6989750,358.09,5000.0,358.09
7,245061,217,305,875750,6988250,365.17,5000.0,365.17
7,245062,218,305,877250,6988250,368.89,5000.0,368.89
7,245063,219,305,878750,6988250,372.44,5000.0,372.44
7,245064,220,305,880250,6988250,375.58,5000.0,375.58
7,245065,221,305,881750,6988250,366.18,5000.0,366.18
7,245066,222,305,883250,6988250,368.95,5000.0,368.95
7,245067,223,305,884750,6988250,365.52,5000.0,365.52
7,245286,217,306,875750,6986750,367.2,5000.0,367.2
7,245287,218,306,877250,6986750,378.93,5000.0,378.93
7,245288,219,306,878750,6986750,383.4,5000.0,383.4
7,245289,220,306,880250,6986750,382.81,5000.0,382.81
7,245290,221,306,881750,6986750,372.81,5000.0,372.81
7,245291,222,306,883250,6986750,368.92,5000.0,368.92
7,245292,223,306,884750,6986750,369.83,5000.0,369.83
7,245293,224,306,886250,6986750,361.39,5000.0,361.39
7,245510,216,307,874250,6985250,371.41,5000.0,371.41
7,245511,217,307,875750,6985250,374.03,5000.0,374.03
7,245512,218,307,877250,6985250,394.56,5000.0,394.56
7,245513,219,307,878750,6985250,396.22,5000.0,396.22
7,245514,220,307,880250,6985250,380.32,5000.0,380.32
7,245515,221,307,881750,6985250,383.46,5000.0,383.46
7,245516,222,307,883250,6985250,365.35,5000.0,365.35
7,245517,223,307,884750,6985250,355.25,5000.0,355.25
7,245738,219,308,878750,6983750,371.26,5000.0,371.26
7,245739,220,308,880250,6983750,368.32,5000.0,368.32
7,245740,221,308,881750,6983750,364.77,5000.0,364.77
7,245741,222,308,883250,6983750,359.12,5000.0,359.12
7,245742,223,308,884750,6983750,354.27,5000.0,354.27
7,245962,218,309,877250,6982250,373.07,5000.0,373.07
7,246647,225,312,887750,6977750,357.61,5000.0,357.61
7,249201,234,323,901250,6961250,360.03,5000.0,360.03
7,249433,232,324,898250,6959750,360.43,5000.0,360.43
7,249434,233,324,899750,6959750,368.02,5000.0,368.02
7,249435,234,324,901250,6959750,371.43,5000.0,371.43
7,249436,235,324,902750,6959750,366.35,5000.0,366.35
7,249668,232,325,898250,6958250,364.74,5000.0,364.74
7,249669,233,325,899750,6958250,374.81,5000.0,374.81
7,249670,234,325,901250,6958250,379.65,5000.0,379.65
7,249671,235,325,902750,6958250,377.11,5000.0,377.11
7,249904,233,326,899750,6956750,368.57,5000.0,368.57
7,249905,234,326,901250,6956750,379.61,5000.0,379.61
7,249906,235,326,902750,6956750,391.43,5000.0,391.43
7,249907,236,326,904250,6956750,380.21,5000.0,380.21
7,250139,232,327,898250,6955250,370.22,5000.0,370.22
7,250140,233,327,899750,6955250,372.08,5000.0,372.08
7,250141,234,327,901250,6955250,375.09,5000.0,375.09
7,250142,235,327,902750,6955250,393.05,5000.0,393.05
7,250143,236,327,904250,6955250,380.6,5000.0,380.6
7,250374,231,328,896750,6953750,362.2,5000.0,362.2
7,250375,232,328,898250,6953750,365.91,5000.0,365.91
7,250376,233,328,899750,6953750,387.44,5000.0,387.44
7,250377,234,328,901250,6953750,380.76,5000.0,380.76
7,250378,235,328,902750,6953750,387.32,5000.0,387.32
7,250608,229,329,893750,6952250,360.24,5000.0,360.24
7,250609,230,329,895250,6952250,364.58,5000.0,364.58
7,250610,231,329,896750,6952250,364.83,5000.0,364.83
7,250611,232,329,898250,6952250,368.69,5000.0,368.69
7,250612,233,329,899750,6952250,374.03,5000.0,374.03
7,250613,234,329,901250,6952250,385.26,5000.0,385.26
7,250614,235,329,902750,6952250,391.77,5000.0,391.77
7,250844,230,330,895250,6950750,375.2,5000.0,375.2
7,250845,231,330,896750,6950750,377.53,5000.0,377.53
7,250846,232,330,898250,6950750,373.71,5000.0,373.71
7,250847,233,330,899750,6950750,377.37,5000.0,377.37
7,250848,234,330,901250,6950750,380.45,5000.0,380.45
7,250849,235,330,902750,6950750,389.53,5000.0,389.53
7,250850,236,330,904250,6950750,385.56,5000.0,385.56
7,251082,232,331,898250,6949250,381.07,5000.0,381.07
7,251083,233,331,899750,6949250,389.28,5000.0,389.28
7,251084,234,331,901250,6949250,394.02,5000.0,394.02
7,251085,235,331,902750,6949250,397.53,5000.0,397.53
7,251086,236,331,904250,6949250,390.7,5000.0,390.7
7,251315,229,332,893750,6947750,373.77,5000.0,373.77
7,251316,230,332,895250,6947750,378.48,5000.0,378.48
7,251317,231,332,896750,6947750,381.65,5000.0,381.65
7,251318,232,332,898250,6947750,381.11,5000.0,381.11
7,251319,233,332,899750,6947750,391.93,5000.0,391.93
7,251320,234,332,901250,6947750,407.04,5000.0,407.04
7,251321,235,332,902750,6947750,402.97,5000.0,402.97
7,251322,236,332,904250,6947750,410.02,5000.0,410.02
7,251550,228,333,892250,6946250,371.64,5000.0,371.64
7,251551,229,333,893750,6946250,378.29,5000.0,378.29
7,251552,230,333,895250,6946250,383.85,5000.0,383.85
7,251553,231,333,896750,6946250,395.8,5000.0,395.8
7,251554,232,333,898250,6946250,386.12,5000.0,386.12
7,251555,233,333,899750,6946250,387.06,5000.0,387.06
7,251556,234,333,901250,6946250,390.61,5000.0,390.61
7,251557,235,333,902750,6946250,396.99,5000.0,396.99
7,251785,228,334,892250,6944750,371.2,5000.0,371.2
7,251786,229,334,893750,6944750,377.52,5000.0,377.52
7,251787,230,334,895250,6944750,386.62,5000.0,386.62
7,251788,231,334,896750,6944750,399.62,5000.0,399.62
7,251789,232,334,898250,6944750,392.85,5000.0,392.85
7,251790,233,334,899750,6944750,392.63,5000.0,392.63
7,251791,234,334,901250,6944750,396.02,5000.0,396.02
7,251792,235,334,902750,6944750,403.98,5000.0,403.98
7,252020,228,335,892250,6943250,382.67,5000.0,382.67
7,252021,229,335,893750,6943250,381.21,5000.0,381.21
7,252022,230,335,895250,6943250,380.38,5000.0,380.38
7,252023,231,335,896750,6943250,386.82,5000.0,386.82
7,252024,232,335,898250,6943250,402.85,5000.0,402.85
7,252025,233,335,899750,6943250,405.72,5000.0,405.72
7,252026,234,335,901250,6943250,402.46,5000.0,402.46
7,252027,235,335,902750,6943250,398.95,5000.0,398.95
7,252261,234,336,901250,6941750,392.52,5000.0,392.52
7,252262,235,336,902750,6941750,411.99,5000.0,411.99
7,252495,233,337,899750,6940250,376.01,5000.0,376.01
7,252496,234,337,901250,6940250,394.21,5000.0,394.21
7,252726,230,338,895250,6938750,357.72,5000.0,357.72
7,252727,231,338,896750,6938750,362.03,5000.0,362.03
7,252728,232,338,898250,6938750,371.77,5000.0,371.77
7,252729,233,338,899750,6938750,379.99,5000.0,379.99
7,252730,234,338,901250,6938750,399.18,5000.0,399.18
7,252960,230,339,895250,6937250,363.83,5000.0,363.83
7,252961,231,339,896750,6937250,370.04,5000.0,370.04
7,252962,232,339,898250,6937250,377.53,5000.0,377.53
7,252963,233,339,899750,6937250,385.12,5000.0,385.12
7,252964,234,339,901250,6937250,404.85,5000.0,404.85
7,253194,230,340,895250,6935750,366.34,5000.0,366.34
7,253195,231,340,896750,6935750,374.29,5000.0,374.29
7,253196,232,340,898250,6935750,382.2,5000.0,382.2
7,253197,233,340,899750,6935750,394.66,5000.0,394.66
7,253198,234,340,901250,6935750,409.29,5000.0,409.29
7,253428,230,341,895250,6934250,363.62,5000.0,363.62
7,253429,231,341,896750,6934250,381.73,5000.0,381.73
7,253430,232,341,898250,6934250,388.04,5000.0,388.04
7,253431,233,341,899750,6934250,403.27,5000.0,403.27
7,253432,234,341,901250,6934250,423.66,5000.0,423.66
7,253660,228,342,892250,6932750,356.98,5000.0,356.98
7,253661,229,342,893750,6932750,361.2,5000.0,361.2
7,253662,230,342,895250,6932750,366.64,5000.0,366.64
7,253663,231,342,896750,6932750,373.6,5000.0,373.6
7,253664,232,342,898250,6932750,390.11,5000.0,390.11
7,253665,233,342,899750,6932750,402.18,5000.0,402.18
7,253666,234,342,901250,6932750,426.14,5000.0,426.14
7,253893,227,343,890750,6931250,359.54,5000.0,359.54
7,253894,228,343,892250,6931250,363.57,5000.0,363.57
7,253895,229,343,893750,6931250,362.67,5000.0,362.67
7,253896,230,343,895250,6931250,364.44,5000.0,364.44
7,253897,231,343,896750,6931250,367.09,5000.0,367.09
7,253898,232,343,898250,6931250,373.72,5000.0,373.72
7,253899,233,343,899750,6931250,379.48,5000.0,379.48
7,254126,227,344,890750,6929750,351.18,5000.0,351.18
7,254127,228,344,892250,6929750,355.58,5000.0,355.58
7,254128,229,344,893750,6929750,359.31,5000.0,359.31
7,254129,230,344,895250,6929750,366.65,5000.0,366.65
7,254130,231,344,896750,6929750,380.89,5000.0,380.89
7,254131,232,344,898250,6929750,379.39,5000.0,379.39
7,254132,233,344,899750,6929750,380.58,5000.0,380.58
7,254359,227,345,890750,6928250,349.17,5000.0,349.17
7,254360,228,345,892250,6928250,364.3,5000.0,364.3
7,254361,229,345,893750,6928250,367.02,5000.0,367.02
7,254362,230,345,895250,6928250,376.01,5000.0,376.01
7,254363,231,345,896750,6928250,377.35,5000.0,377.35
7,254364,232,345,898250,6928250,404.99,5000.0,404.99
7,254592,228,346,892250,6926750,355.16,5000.0,355.16
7,254593,229,346,893750,6926750,360.8,5000.0,360.8
7,254594,230,346,895250,6926750,375.8,5000.0,375.8
7,254595,231,346,896750,6926750,382.12,5000.0,382.12
7,254596,232,346,898250,6926750,387.43,5000.0,387.43
7,254597,233,346,899750,6926750,389.43,5000.0,389.43
7,254828,231,347,896750,6925250,391.78,5000.0,391.78
7,254829,232,347,898250,6925250,385.79,5000.0,385.79
7,255056,227,348,890750,6923750,353.51,5000.0,353.51
7,255057,228,348,892250,6923750,369.39,5000.0,369.39
7,255058,229,348,893750,6923750,378.33,5000.0,378.33
7,255059,230,348,895250,6923750,381.11,5000.0,381.11
7,255060,231,348,896750,6923750,381.51,5000.0,381.51
7,255288,228,349,892250,6922250,361.64,5000.0,361.64
7,255289,229,349,893750,6922250,370.09,5000.0,370.09
7,255290,230,349,895250,6922250,371.32,5000.0,371.32
7,255291,231,349,896750,6922250,381.06,5000.0,381.06
7,255292,232,349,898250,6922250,391.2,5000.0,391.2
7,255520,228,350,892250,6920750,371.14,5000.0,371.14
7,255521,229,350,893750,6920750,361.81,5000.0,361.81
7,255522,230,350,895250,6920750,365.81,5000.0,365.81
7,255523,231,350,896750,6920750,373.04,5000.0,373.04
7,255751,228,351,892250,6919250,358.17,5000.0,358.17
7,255752,229,351,893750,6919250,354.23,5000.0,354.23
7,255753,230,351,895250,6919250,359.83,5000.0,359.83
7,255754,231,351,896750,6919250,384.44,5000.0,384.44
7,255981,227,352,890750,6917750,343.42,5000.0,343.42
7,255982,228,352,892250,6917750,346.65,5000.0,346.65
7,255983,229,352,893750,6917750,350.14,5000.0,350.14
7,255984,230,352,895250,6917750,372.26,5000.0,372.26
7,256211,227,353,890750,6916250,344.35,5000.0,344.35
7,256212,228,353,892250,6916250,347.5,5000.0,347.5
7,256213,229,353,893750,6916250,348.21,5000.0,348.21
7,256214,230,353,895250,6916250,364.16,5000.0,364.16
7,256441,227,354,890750,6914750,354.12,5000.0,354.12
7,256442,228,354,892250,6914750,349.65,5000.0,349.65
7,256443,229,354,893750,6914750,348.42,5000.0,348.42
7,256444,230,354,895250,6914750,353.05,5000.0,353.05
7,256671,227,355,890750,6913250,367.32,5000.0,367.32
7,256672,228,355,892250,6913250,354.69,5000.0,354.69
7,256673,229,355,893750,6913250,350.34,5000.0,350.34
7,256899,226,356,889250,6911750,356.36,5000.0,356.36
7,256900,227,356,890750,6911750,360.27,5000.0,360.27
7,256901,228,356,892250,6911750,368.53,5000.0,368.53
7,256902,229,356,893750,6911750,355.74,5000.0,355.74
7,257128,226,357,889250,6910250,345.54,5000.0,345.54
7,257129,227,357,890750,6910250,355.62,5000.0,355.62
7,257130,228,357,892250,6910250,361.1,5000.0,361.1
7,257131,229,357,893750,6910250,373.91,5000.0,373.91
7,257356,225,358,887750,6908750,343.82,5000.0,343.82
7,257357,226,358,889250,6908750,345.83,5000.0,345.83
7,257358,227,358,890750,6908750,353.48,5000.0,353.48
7,257359,228,358,892250,6908750,364.57,5000.0,364.57
7,257360,229,358,893750,6908750,378.11,5000.0,378.11
7,257586,226,359,889250,6907250,347.11,5000.0,347.11
7,257587,227,359,890750,6907250,353.54,5000.0,353.54
7,257588,228,359,892250,6907250,366.4,5000.0,366.4
7,257589,229,359,893750,6907250,392.51,5000.0,392.51
7,257814,225,360,887750,6905750,358.47,5000.0,358.47
7,257815,226,360,889250,6905750,351.67,5000.0,351.67
7,257816,227,360,890750,6905750,352.06,5000.0,352.06
7,257817,228,360,892250,6905750,370.26,5000.0,370.26
7,258042,225,361,887750,6904250,365.08,5000.0,365.08
7,258043,226,361,889250,6904250,354.17,5000.0,354.17
7,258044,227,361,890750,6904250,356.19,5000.0,356.19
7,258045,228,361,892250,6904250,369.52,5000.0,369.52
7,258270,225,362,887750,6902750,362.27,5000.0,362.27
7,258271,226,362,889250,6902750,358.16,5000.0,358.16
7,258272,227,362,890750,6902750,365.51,5000.0,365.51
7,258273,228,362,892250,6902750,377.89,5000.0,377.89
7,258498,225,363,887750,6901250,367.52,5000.0,367.52
7,258499,226,363,889250,6901250,362.26,5000.0,362.26
7,258500,227,363,890750,6901250,365.06,5000.0,365.06
7,258501,228,363,892250,6901250,375.6,5000.0,375.6
7,258725,224,364,886250,6899750,356.25,5000.0,356.25
7,258726,225,364,887750,6899750,367.85,5000.0,367.85
7,258727,226,364,889250,6899750,367.78,5000.0,367.78
7,258728,227,364,890750,6899750,368.84,5000.0,368.84
7,258952,224,365,886250,6898250,362.36,5000.0,362.36
7,258953,225,365,887750,6898250,375.98,5000.0,375.98
7,258954,226,365,889250,6898250,372.35,5000.0,372.35
7,258955,227,365,890750,6898250,377.11,5000.0,377.11
7,258956,228,365,892250,6898250,386.9,5000.0,386.9
7,259180,224,366,886250,6896750,372.57,5000.0,372.57
7,259181,225,366,887750,6896750,381.19,5000.0,381.19
7,259182,226,366,889250,6896750,377.73,5000.0,377.73
7,259183,227,366,890750,6896750,381.23,5000.0,381.23
7,259407,224,367,886250,6895250,366.95,5000.0,366.95
7,259408,225,367,887750,6895250,380.42,5000.0,380.42
7,259409,226,367,889250,6895250,388.52,5000.0,388.52
7,259410,227,367,890750,6895250,390.61,5000.0,390.61
7,259634,224,368,886250,6893750,368.36,5000.0,368.36
7,259635,225,368,887750,6893750,379.39,5000.0,379.39
7,259636,226,368,889250,6893750,391.33,5000.0,391.33
7,259637,227,368,890750,6893750,389.31,5000.0,389.31
7,259860,223,369,884750,6892250,360.3,5000.0,360.3
7,259861,224,369,886250,6892250,365.8,5000.0,365.8
7,259862,225,369,887750,6892250,373.29,5000.0,373.29
7,259863,226,369,889250,6892250,372.28,5000.0,372.28
7,259864,227,369,890750,6892250,375.81,5000.0,375.81
7,260087,223,370,884750,6890750,366.25,5000.0,366.25
7,260088,224,370,886250,6890750,371.94,5000.0,371.94
7,260089,225,370,887750,6890750,374.39,5000.0,374.39
7,260090,226,370,889250,6890750,362.28,5000.0,362.28
7,260313,223,371,884750,6889250,369.95,5000.0,369.95
7,260314,224,371,886250,6889250,372.04,5000.0,372.04
7,260315,225,371,887750,6889250,360.9,5000.0,360.9
7,260316,226,371,889250,6889250,353.56,5000.0,353.56
7,260539,223,372,884750,6887750,360.45,5000.0,360.45
7,260540,224,372,886250,6887750,354.65,5000.0,354.65
7,260541,225,372,887750,6887750,355.34,5000.0,355.34
7,260542,226,372,889250,6887750,348.52,5000.0,348.52
7,260543,227,372,890750,6887750,369.46,5000.0,369.46
7,260765,222,373,883250,6886250,348.07,5000.0,348.07
7,260766,223,373,884750,6886250,347.63,5000.0,347.63
7,260767,224,373,886250,6886250,347.65,5000.0,347.65
7,260768,225,373,887750,6886250,346.93,5000.0,346.93
7,260769,226,373,889250,6886250,343.4,5000.0,343.4
7,260991,222,374,883250,6884750,340.8,5000.0,340.8
7,260992,223,374,884750,6884750,336.87,5000.0,336.87
7,260993,224,374,886250,6884750,340.46,5000.0,340.46
7,260994,225,374,887750,6884750,337.96,5000.0,337.96
7,260995,226,374,889250,6884750,340.77,5000.0,340.77
7,260996,227,374,890750,6884750,360.88,5000.0,360.88
7,261218,222,375,883250,6883250,332.06,5000.0,332.06
7,261219,223,375,884750,6883250,328.14,5000.0,328.14
7,261220,224,375,886250,6883250,331.85,5000.0,331.85
7,261221,225,375,887750,6883250,336.21,5000.0,336.21
7,261222,226,375,889250,6883250,343.57,5000.0,343.57
7,261443,221,376,881750,6881750,321.78,5000.0,321.78
7,261444,222,376,883250,6881750,321.61,5000.0,321.61
7,261445,223,376,884750,6881750,322.45,5000.0,322.45
7,261446,224,376,886250,6881750,334.79,5000.0,334.79
7,261447,225,376,887750,6881750,344.53,5000.0,344.53
7,261448,226,376,889250,6881750,355.75,5000.0,355.75
7,261669,221,377,881750,6880250,315.73,5000.0,315.73
7,261670,222,377,883250,6880250,321.06,5000.0,321.06
7,261671,223,377,884750,6880250,329.09,5000.0,329.09
7,261672,224,377,886250,6880250,333.8,5000.0,333.8
7,261673,225,377,887750,6880250,346.44,5000.0,346.44
7,261674,226,377,889250,6880250,358.8,5000.0,358.8
7,261895,221,378,881750,6878750,319.62,5000.0,319.62
7,261896,222,378,883250,6878750,324.23,5000.0,324.23
7,261897,223,378,884750,6878750,334.39,5000.0,334.39
7,261898,224,378,886250,6878750,341.35,5000.0,341.35
7,261899,225,378,887750,6878750,346.29,5000.0,346.29
7,261900,226,378,889250,6878750,360.33,5000.0,360.33
7,262121,221,379,881750,6877250,323.14,5000.0,323.14
7,262122,222,379,883250,6877250,331.48,5000.0,331.48
7,262123,223,379,884750,6877250,335.86,5000.0,335.86
7,262124,224,379,886250,6877250,340.79,5000.0,340.79
7,262125,225,379,887750,6877250,343.11,5000.0,343.11
7,262345,220,380,880250,6875750,311.1,5000.0,311.1
7,262346,221,380,881750,6875750,320.64,5000.0,320.64
7,262347,222,380,883250,6875750,323.19,5000.0,323.19
7,262348,223,380,884750,6875750,330.14,5000.0,330.14
7,262349,224,380,886250,6875750,335.14,5000.0,335.14
7,262569,220,381,880250,6874250,310.06,5000.0,310.06
7,262570,221,381,881750,6874250,314.86,5000.0,314.86
7,262571,222,381,883250,6874250,322.07,5000.0,322.07
7,262572,223,381,884750,6874250,326.51,5000.0,326.51
7,262573,224,381,886250,6874250,331.93,5000.0,331.93
7,262793,220,382,880250,6872750,313.87,5000.0,313.87
7,262794,221,382,881750,6872750,318.24,5000.0,318.24
7,262795,222,382,883250,6872750,324.0,5000.0,324.0
7,262796,223,382,884750,6872750,326.36,5000.0,326.36
7,263015,219,383,878750,6871250,301.64,5000.0,301.64
7,263016,220,383,880250,6871250,307.25,5000.0,307.25
7,263017,221,383,881750,6871250,310.65,5000.0,310.65
7,263018,222,383,883250,6871250,316.58,5000.0,316.58
7,263237,219,384,878750,6869750,298.17,5000.0,298.17
7,263238,220,384,880250,6869750,304.63,5000.0,304.63
7,263239,221,384,881750,6869750,310.11,5000.0,310.11
7,263240,222,384,883250,6869750,315.27,5000.0,315.27
7,263459,219,385,878750,6868250,299.21,5000.0,299.21
7,263460,220,385,880250,6868250,306.68,5000.0,306.68
7,263461,221,385,881750,6868250,309.79,5000.0,309.79
7,263680,219,386,878750,6866750,297.73,5000.0,297.73
7,263681,220,386,880250,6866750,301.41,5000.0,301.41
7,263899,218,387,877250,6865250,291.38,5000.0,291.38
7,263900,219,387,878750,6865250,295.39,5000.0,295.39
7,264118,218,388,877250,6863750,284.81,5000.0,284.81
7,264119,219,388,878750,6863750,293.92,5000.0,293.92
7,266051,212,397,868250,6850250,260.92,5000.0,260.92
7,266262,211,398,866750,6848750,252.77,5000.0,252.77
7,266472,210,399,865250,6847250,258.65,5000.0,258.65
7,266681,209,400,863750,6845750,261.39,5000.0,261.39
7,266682,210,400,865250,6845750,266.69,5000.0,266.69
7,266891,209,401,863750,6844250,269.76,5000.0,269.76
7,268132,205,407,857750,6835250,236.07,5000.0,236.07
7,268133,206,407,859250,6835250,236.54,5000.0,236.54
7,268338,205,408,857750,6833750,235.73,5000.0,235.73
7,268542,204,409,856250,6832250,236.06,5000.0,236.06
7,269950,199,416,848750,6821750,231.46,5000.0,231.46
7,270932,193,421,839750,6814250,227.99,5000.0,227.99
7,270933,194,421,841250,6814250,227.9,5000.0,227.9
7,271126,193,422,839750,6812750,229.24,5000.0,229.24
7,271127,194,422,841250,6812750,235.71,5000.0,235.71
7,271319,192,423,838250,6811250,229.88,5000.0,229.88
7,271320,193,423,839750,6811250,232.59,5000.0,232.59
7,271512,192,424,838250,6809750,237.44,5000.0,237.44
7,271703,191,425,836750,6808250,234.94,5000.0,234.94
7,271894,191,426,836750,6806750,236.32,5000.0,236.32
7,272084,190,427,835250,6805250,240.42,5000.0,240.42
7,272274,190,428,835250,6803750,244.87,5000.0,244.87
7,272464,190,429,835250,6802250,250.52,5000.0,250.52
